序号,歌名,歌名翻译,原唱,日期,备注,语言,次数,歌切,标签
1,南风过隙,,夏日入侵企画,2025/03/01，2025/04/01，2025/04/17，2025/04/29，2025/05/30，2025/08/02，2025/08/21，2025/09/18，2025/09/19，2025/09/28，2025/10/16，2025/11/14，2025/12/12，2026/01/23，2026/03/01，2026/03/22，2026/03/27，2026/06/28，2026/07/22,,华语,19,BV1n4TM6GEnu，BV1dmXNBgE3x，BV1Z1u9z9E4q，BV15MPuzCEEd,
2,Love 2000,,遠野ひかる,2025/03/01，2025/03/15，2025/04/01，2025/04/15，2025/04/26，2025/05/09，2025/05/30，2025/06/08，2025/07/05，2025/07/11，2025/08/13，2025/09/02，2025/09/07，2025/09/17，2025/09/19，2025/10/01，2025/10/09，2025/10/16，2025/10/24，2025/10/30，2025/11/09，2025/11/14，2025/12/24，2025/12/26，2026/01/16，2026/01/24，2026/01/28，2026/01/30，2026/02/10，2026/02/14，2026/03/09，2026/03/27，2026/04/01，2026/04/14，2026/04/24，2026/06/12，2026/07/22，2026/08/11,,日语,38,BV1bPXMBTE14，BV1mm7KzxEGj，BV12yM2z7EfT,动漫
3,POP/STARS,,K/DA/Madison Beer/曺薇娟 (미연)/Jaira Burns,2025/03/02，2025/03/29，2025/05/06，2025/05/30，2025/06/28，2025/09/04，2025/09/18，2025/11/07，2026/01/14，2026/01/24，2026/02/19，2026/03/07，2026/03/15，2026/06/06，2026/06/23，2026/08/05，2026/08/05，2026/08/19,,英语，韩语,18,BV1NKEJ61EZ2，BV1V7KUzoE22,游戏
4,Die For You,为你而战,无畏契约/Grabbitz,2025/03/02，2025/03/25，2025/03/28，2025/04/17，2025/05/03，2025/05/09，2025/05/16，2025/05/30，2025/06/14，2025/06/19，2025/07/05，2025/07/18，2025/08/21，2025/08/25，2025/09/05，2025/09/22，2025/09/26，2026/01/19，2026/01/21，2026/03/04，2026/04/16，2026/06/06，2026/06/18，2026/06/23，2026/08/25,,英语,25,BV14KEJ61EVw，BV1o7daBxEbp，BV1EVGdzNEe7,游戏
5,凑热闹,,BY2,2025/03/02，2025/03/29，2025/04/11，2025/04/17，2025/04/26，2025/05/04，2025/05/09，2025/05/17，2025/05/24，2025/06/02，2025/06/20，2025/06/27，2025/07/11，2025/07/21，2025/07/26，2025/08/08，2025/08/29，2025/09/02，2025/10/03，2025/10/09，2025/10/22，2025/11/09，2025/12/11，2026/01/15，2026/02/12，2026/04/19，2026/08/08,,华语,27,BV1p5dfBVE37，BV1a67QzZENo,
6,Ditto,,NewJeans,2025/03/02，2025/03/14，2025/03/28，2025/04/17，2025/04/25，2025/05/12，2025/05/12，2025/05/18，2025/05/29，2025/06/02，2025/06/05，2025/06/12，2025/06/27，2025/07/10，2025/08/04，2025/08/08，2025/08/21，2025/08/28，2025/09/10，2025/09/22，2025/09/30，2025/10/12，2025/11/01，2025/11/17，2025/12/02，2025/12/31，2026/02/02，2026/02/14，2026/03/06，2026/04/01，2026/04/20，2026/05/15，2026/06/10，2026/07/22，2026/08/09,,韩语,35,BV1dn5i6vEDX，BV1K5d6BhEPj，BV1df7RzGEDY,
7,丸ノ内サディスティック,丸之内虐待狂,椎名林檎,2025/03/03，2025/03/21，2025/04/17，2025/04/21，2025/05/12，2025/05/26，2025/05/30，2025/06/26，2025/07/07，2025/07/13，2025/07/26，2025/08/12，2025/08/22，2025/09/19，2025/10/03，2025/10/28，2025/11/09，2025/11/19，2025/12/16，2026/01/16，2026/01/28，2026/02/07，2026/02/10，2026/03/17，2026/04/19，2026/05/23，2026/06/19，2026/07/22，2026/08/08,,日语,29,BV1JndfBuExn，BV1UDXCYGEWL,
8,爱要坦荡荡,,萧萧,2025/03/03，2025/04/20，2025/06/16，2025/06/27，2025/07/31，2025/10/05，2025/11/07，2025/12/04，2026/01/28，2026/04/29，2026/06/25,,华语,11,BV1yd9xBEEC8，BV1pbEuzFEaX,
9,水星记,,郭顶,2025/03/03，2025/04/04，2025/04/14，2025/04/20，2025/04/24，2025/05/09，2025/05/18，2025/05/29，2025/06/06，2025/08/01，2025/09/21，2025/10/10，2025/11/28，2025/12/08，2025/12/30，2026/04/26，2026/07/09，2026/07/31，2026/08/25,,华语,19,BV1hHTuzyEge,
10,囚鸟,,彭羚,2025/03/03，2025/04/17，2025/06/02，2025/07/07，2025/07/14，2025/08/07，2025/09/04，2025/09/29，2025/11/07，2025/12/05，2026/05/21,,华语,11,BV1rSLh6PER7，BV11D7SzVE7W,
11,HAVE A NICE DAY,,魏如萱,2025/03/03，2025/03/25，2025/04/03，2025/04/07，2025/04/18，2025/04/24，2025/05/04，2025/05/12，2025/05/16，2025/05/19，2025/05/30，2025/06/02，2025/06/09，2025/06/13，2025/07/05，2025/07/14，2025/07/21，2025/07/28，2025/08/29，2025/09/04，2025/09/07，2025/10/05，2025/10/10，2025/10/22，2025/11/10，2025/12/07，2025/12/31，2026/01/14，2026/01/19，2026/03/29，2026/04/12，2026/04/27，2026/05/01，2026/06/03，2026/06/18，2026/06/25，2026/07/31,,华语,37,BV1Pfo2BUEHM，BV192j6zcEWE，BV1Sr7SzJEij,
12,カタオモイ,单相思,Aimer,2025/03/04，2025/03/12，2025/03/17，2025/03/28，2025/04/07，2025/04/19，2025/04/26，2025/05/06，2025/05/16，2025/05/22，2025/05/30，2025/06/21，2025/07/06，2025/08/22，2025/09/06，2025/09/21，2025/10/23，2025/11/10，2025/11/13，2025/12/04，2026/01/24，2026/01/24，2026/02/19，2026/02/25，2026/03/13，2026/04/08，2026/06/10，2026/07/27，2026/08/18,,日语,29,BV1XuN1zkEcp，BV14GQxYHEoV,
13,苏州河,,薛凯琪,2025/03/04，2025/03/19，2025/04/14，2025/04/22，2025/05/01，2025/05/13，2025/05/19，2025/05/27，2025/06/03，2025/06/12，2025/06/19，2025/06/27，2025/07/08，2025/07/14，2025/07/18，2025/07/20，2025/08/02，2025/08/08，2025/08/12，2025/09/02，2025/09/18，2025/10/01，2025/10/03，2025/10/11，2025/10/24，2025/11/13，2025/11/14，2025/11/28，2025/12/07，2025/12/17，2026/01/19，2026/01/29，2026/02/10，2026/02/12，2026/03/22，2026/04/18，2026/05/10，2026/06/06，2026/06/25，2026/07/17,,华语,40,BV1B6dWBBE4v，BV1BvqVB4EFv,
14,下雨天,,南拳妈妈,2025/03/04，2025/04/04，2025/04/18，2025/05/25，2025/05/26，2025/06/06，2025/06/13，2025/09/04，2025/09/17，2025/10/09，2025/10/28，2026/01/10，2026/01/24，2026/04/09，2026/05/21，2026/07/17,,华语,16,BV1yYD4BGE48，BV1FSjUzwEfm,
15,Way Back Home,,SHAUN,2025/03/04，2025/04/03，2025/04/17，2025/05/22，2025/06/03，2025/07/24，2025/08/12，2025/09/03，2025/10/10，2025/11/09，2025/11/10，2026/03/13，2026/06/03,,韩语,13,BV1Zo7X6dEbM，BV1to7YzNEdz,
16,一格格,,卫兰,2025/03/04，2025/04/02，2025/04/17，2025/04/29，2025/05/12，2025/05/27，2025/06/10，2025/07/05，2025/08/10，2025/08/28，2025/09/05，2025/09/18，2025/11/12，2025/11/28，2026/01/09，2026/02/12，2026/03/09，2026/03/15，2026/05/01，2026/05/16，2026/05/23，2026/07/05，2026/07/28,,粤语,23,BV1qAGL6zEY5，BV1vhcGzCEKZ，BV1zsL56jEgn,
17,免我蹉跎苦,,黄龄,2025/03/04，2025/05/18，2025/07/26，2025/10/24,,华语,4,BV1huJVzpEL6,
18,小情歌,,苏打绿,2025/03/04，2025/04/29，2025/05/20，2025/07/13，2025/07/25，2025/07/31，2025/10/09，2025/12/02，2026/01/09，2026/03/21，2026/07/19,,华语,11,BV1Ap9JYMECR,
19,爱如潮水,,张信哲,2025/03/04，2025/04/18，2025/05/23，2025/07/24，2025/08/28，2025/09/05，2026/03/09，2026/04/18，2026/05/23,,华语,9,BV1h7GL6FEjR，BV1Ur57zEEs2,
20,虚拟,,陈粒,2025/03/04，2025/04/14，2025/04/24，2025/05/19，2025/08/21，2025/09/06，2025/09/17，2025/09/26，2025/10/01，2025/11/09，2025/12/16，2026/02/14，2026/03/07，2026/03/17，2026/03/21，2026/05/01，2026/07/04，2026/07/26,,华语,18,BV1P6MK6UE3G，BV1oco7YsEGk,
21,当你,,王心凌,2025/03/04，2025/05/09，2025/05/29，2025/06/28，2025/08/08，2025/08/21，2025/09/15，2025/10/24，2025/12/17，2026/01/15，2026/02/14，2026/03/04，2026/04/09，2026/08/25,,华语,14,BV1k5QFBeE6C，BV1MR5GzNEck,
22,孤雏,,AGA,2025/03/04，2025/05/01，2025/05/08，2025/05/26，2025/06/05，2025/06/23，2025/06/26，2025/07/03，2025/07/20，2025/07/26，2025/08/03，2025/08/12，2025/08/30，2025/09/21，2025/09/29，2025/11/09，2025/11/12，2025/11/27，2025/12/04，2025/12/28，2026/01/22，2026/02/02，2026/02/23，2026/03/25，2026/04/16，2026/05/06，2026/05/21，2026/07/10，2026/07/15，2026/08/21,,粤语,30,BV1aGdvB4EV1，BV1jHT4zBEBW,
23,世界上的另一个我,,阿肆/郭采洁,2025/03/04，2025/04/14，2025/05/09，2025/06/13，2025/06/19，2025/06/27，2025/07/10，2025/09/10，2025/09/19，2025/11/14，2025/12/31，2026/02/23，2026/04/16，2026/07/22,,华语,14,BV1eudvBbE7C，BV1r4oLYfEjE，BV1Asf6BvEo3,
24,永不失联的爱,,单依纯,2025/03/04，2025/03/30，2025/05/01，2025/05/26，2025/06/17，2025/08/03，2025/09/26，2025/10/26，2026/01/03，2026/03/25，2026/05/10，2026/06/20，2026/08/16,,华语,13,BV1cV5s6rEKq，BV1ssE8zWEaZ,
25,蝴蝶,,陶喆,2025/03/04，2025/04/07，2025/05/29，2025/06/06，2025/06/19，2025/06/26，2025/07/10，2025/07/11，2025/07/14，2025/08/02，2025/09/03，2025/09/26，2025/10/03，2025/11/09，2025/11/24，2025/11/26，2026/01/05，2026/01/30，2026/03/04，2026/06/17，2026/08/05,,华语,21,BV13GLR6mEjV，BV11K7LzLErv,
26,Fly Me to the Moon,,Olivia Ong,2025/03/04，2025/03/14，2025/04/15，2025/05/03，2025/05/19，2025/07/18，2025/07/28，2025/08/28，2025/09/22，2025/10/19，2025/10/26，2025/11/09，2025/12/30，2026/02/20，2026/02/23，2026/03/04，2026/04/11，2026/04/16，2026/04/23，2026/06/14，2026/07/04，2026/07/31，2026/08/25,,英语,23,BV1yKo7BhEaJ，BV1tBdeBDEfp，BV1PzPizTEty，BV1cG9pYkE8m，BV1B1fGBjEvg,
27,夏天的风,,温岚,2025/03/04，2025/03/13，2025/04/03，2025/05/12，2025/05/19，2025/05/23，2025/05/25，2025/06/12，2025/07/15，2025/07/20，2025/07/23，2025/08/02，2025/08/10，2025/08/29，2025/09/17，2025/09/19，2025/09/27，2025/10/22，2025/11/01，2025/11/09，2025/11/21，2025/12/08，2026/01/15，2026/01/24，2026/03/04，2026/03/14，2026/05/06，2026/05/16，2026/05/20，2026/06/12，2026/07/16，2026/07/26，2026/07/31,,华语,33,BV1cMLb6sEzs，BV1aWPiz7EvJ，BV1W4jbzLEbu，BV1BsL56jEft,
28,雨樱花,,F.I.R.飞儿乐团,2025/03/04，2025/04/13，2025/05/06，2025/05/15，2025/05/25，2025/06/06，2025/06/23，2025/07/15，2025/07/26，2025/09/15，2025/09/24，2025/10/03，2025/11/26，2025/12/26，2026/01/10，2026/03/22，2026/06/17,,华语,17,BV1DLLR6yE6W，BV13HjGzyEv6,
29,雨爱,,杨丞琳,2025/03/04，2025/03/25，2025/04/29，2025/05/09，2025/05/13，2025/05/22，2025/05/26，2025/05/30，2025/06/08，2025/06/13，2025/06/20，2025/07/05，2025/07/14，2025/07/20，2025/08/01，2025/08/30，2025/09/02，2025/09/12，2025/09/17，2025/09/22，2025/09/24，2025/10/03，2025/10/12，2025/11/05，2025/11/14，2025/11/21，2025/11/28，2025/12/08，2025/12/17，2026/01/10，2026/01/22，2026/02/10，2026/02/14，2026/02/14，2026/02/27，2026/03/28，2026/04/09，2026/04/14，2026/05/06，2026/05/23，2026/06/06，2026/06/25，2026/07/09，2026/07/16，2026/07/27，2026/08/21,,华语,46,BV1n6QGBNEYY，BV1M1QFBVENx，BV1aaXLBwEto，BV1kG7szAEYF，BV1dcjSzXEAu,
30,呼吸决定,,Fine乐团,2025/03/04，2025/03/30，2025/04/14，2025/04/25，2025/06/05，2025/06/13，2025/06/26，2025/07/13，2025/07/24，2025/08/12，2025/08/28，2025/09/26，2025/10/07，2025/10/11，2025/11/01，2025/11/28，2025/12/12，2026/01/05，2026/01/22，2026/03/04，2026/03/08，2026/03/22，2026/04/22，2026/04/24，2026/05/10，2026/05/23，2026/06/10，2026/06/15，2026/07/31，2026/08/11，2026/08/25,,华语,31,BV1hYobBkEum，BV18EGL6bEnV，BV1wUojYeEon,
31,爱爱爱,,方大同,2025/03/04，2025/03/14，2025/04/17，2025/05/06，2025/05/25，2025/05/25，2025/05/31，2025/09/03，2025/11/07，2025/12/24，2026/01/01，2026/01/16，2026/03/14，2026/05/01，2026/05/20，2026/08/01,,华语,16,BV1iaLU6zEFq，BV1LCQrYjECx,
32,Radioactive,,Imagine Dragons,2025/03/04，2025/04/22，2025/05/18，2025/09/04，2025/09/10，2025/11/28，2026/03/15，2026/06/23,,英语,8,BV1veNXzBEHt,
33,盛夏光年,,五月天,2025/03/04，2025/04/05，2025/09/27,,华语,3,BV19D9HYdEgW,
34,快乐星猫,,牛奶咖啡,2025/03/04，2025/05/25，2026/01/29，2026/02/09,,华语,4,BV1jn6cBFEN1,
35,嘉宾,,张远,2025/03/04，2025/03/21，2025/04/05，2025/04/14，2025/04/24，2025/05/20，2025/06/05，2025/06/17，2025/06/23，2025/06/26，2025/08/12，2025/08/21，2025/09/14，2025/09/24，2025/10/16，2025/10/24，2025/12/17，2026/02/14，2026/03/08，2026/04/25，2026/05/21，2026/07/18，2026/07/28,,华语,23,BV1KgodBVELy，BV1QWZJBDEJf,
36,钟无艳,,谢安琪,2025/03/04，2025/04/18，2025/04/28，2025/08/22，2025/09/17，2025/10/30，2025/11/09，2025/11/14，2025/11/26，2026/01/25，2026/07/17,,粤语,11,BV1ijyvBeEFW,
37,飞鸟和蝉,,任然,2025/03/04，2025/04/24，2025/05/25，2025/06/19，2025/06/20，2025/07/14，2026/04/17，2026/05/01，2026/06/10，2026/06/15，2026/07/22,,华语,11,BV16ndLBJEJf，BV1VxNdzrEGV,
38,Young And Beautiful,,Lana Del Rey,2025/03/04，2025/04/18，2025/05/03，2025/05/08，2025/06/05，2025/06/19，2025/07/15，2025/09/08，2025/10/07，2025/10/17，2025/10/23，2025/12/24,,英语,12,BV1k7WpzkEsj，BV1xdGRz2E68,
39,千千阕歌,,陈慧娴,2025/03/04，2025/05/18，2025/07/26，2025/08/12，2025/11/28，2026/02/19，2026/03/04，2026/07/17,,粤语,8,BV15A9HYfEPQ,
40,如果可以,,韦礼安,2025/03/04，2025/03/17，2025/03/21，2025/04/04，2025/04/14，2025/04/19，2025/04/25，2025/05/08，2025/05/09，2025/05/19，2025/05/27，2025/05/29，2025/06/08，2025/06/09，2025/07/11，2025/07/14，2025/08/04，2025/08/08，2025/08/12，2025/09/18，2025/10/03，2025/10/10，2025/10/23，2025/11/13，2025/11/28，2025/12/13，2025/12/28，2026/01/09，2026/01/28，2026/02/25，2026/03/12，2026/03/21，2026/04/26，2026/05/10，2026/06/26,,华语,35,BV1ryoeBzEFq，BV1rXkLBnEfb,
41,LADY,,米津玄師,2025/03/06，2025/03/20，2025/04/02，2025/04/10，2025/04/19，2025/04/27，2025/05/13，2025/05/15，2025/05/18，2025/05/26，2025/06/06，2025/06/12，2025/06/21，2025/07/05，2025/07/10，2025/07/13，2025/07/27，2025/08/29，2025/09/13，2025/09/19，2025/09/28，2025/10/23，2025/10/28，2025/12/23，2026/01/14，2026/02/19，2026/03/14，2026/04/16，2026/06/17，2026/07/16，2026/07/22，2026/08/11,,日语,32,BV1zodeBqEpk，BV14fsGzZESX,
42,不眠之夜,,张杰/HOYO-MiX,2025/03/06，2025/03/21，2025/04/19，2025/05/11，2025/06/03，2026/01/19，2026/01/25，2026/02/25，2026/04/01，2026/07/27,,华语,10,BV1ExkMBdEAo,游戏
43,在银河中孤独摇摆,,知更鸟/HOYO-MiX/Chevy,2025/03/06，2025/04/03，2025/04/14，2025/05/05，2025/05/15，2025/05/29，2025/06/20，2025/06/27，2025/08/07，2025/08/24，2025/09/17，2025/10/16，2025/11/10，2025/12/09，2025/12/17，2026/01/21，2026/02/12，2026/02/25，2026/07/27,,英语,19,BV15u75zsEE6,游戏
44,Legends Never Die,传奇永不熄,英雄联盟/Against the Current,2025/03/06，2025/03/19，2025/04/11，2025/05/03，2025/07/10，2025/09/05，2025/09/18，2025/10/01，2025/11/07，2025/11/09，2025/12/02，2026/01/21，2026/03/05，2026/04/16，2026/06/23，2026/07/05，2026/08/05，2026/08/05，2026/08/19,,英语,19,BV1vMdvBFEcL，BV1n7SbBMEKD,游戏
45,TICKING AWAY,流光似箭,Grabbitz/无畏契约/bbno$,2025/03/06，2025/03/28，2025/04/19，2025/04/24，2025/05/03，2025/05/15，2025/05/16，2025/05/22，2025/05/30，2025/06/14，2025/06/19，2025/06/26，2025/07/18，2025/08/04，2025/09/10，2025/09/18，2025/10/03，2026/02/07，2026/02/09，2026/02/27，2026/04/18，2026/06/06，2026/06/16，2026/06/17，2026/06/23,2023无畏契约全球冠军赛主题曲,英语,25,BV1Kdj36pEvY，BV12KEJ61Ea6，BV1MYGdzHEtD,游戏
46,无敌帅,,BY2,2025/03/06，2025/04/17，2025/05/18，2025/05/30，2025/06/06，2025/06/21，2025/06/27，2025/07/24，2025/08/24，2025/09/10，2025/09/30，2025/10/23，2025/11/10，2026/01/15，2026/02/14，2026/03/22，2026/05/20,,华语,17,BV1FuLb69EvV，BV1McbQz1EP2,
47,甜甜的,,周杰伦,2025/03/06，2025/04/06，2025/04/13，2025/04/22，2025/05/08，2025/05/09，2025/05/30，2025/06/08，2025/08/04，2025/09/18，2025/10/12，2025/11/21，2026/01/24，2026/02/14，2026/02/25，2026/04/10，2026/04/25,,华语,17,BV1TModByEji，BV1vazyB2Emo,
48,폰서트,Phonecert,10CM,2025/03/06，2025/04/13，2025/05/01，2025/06/15，2025/07/24，2025/08/30，2025/09/05，2025/10/09，2025/11/03，2025/12/12，2026/02/04，2026/04/18，2026/05/20，2026/06/20，2026/07/30，2026/08/09,,韩语,16,BV1cMLb6sEhP，BV1wtmoB7ERp,
49,阿拉斯加海湾,,蓝心羽,2025/03/07，2025/04/04，2025/04/19，2025/06/02，2025/06/17，2025/06/23，2025/07/20，2025/09/24，2025/10/09，2026/02/17，2026/03/07，2026/05/24,,华语,12,BV1UtJ9zaEWY,
50,How Sweet,,NewJeans,2025/03/07，2025/03/27，2025/04/07，2025/04/12，2025/04/22，2025/04/26，2025/05/05，2025/05/19，2025/06/03，2025/06/09，2025/07/18，2025/07/22，2025/09/10，2025/09/19，2025/10/16，2025/12/24，2026/06/20,,英语,17,BV1QWVzzjEmH，BV1BRSsBxEE7,
51,Cheer Up,,TWICE,2025/03/07，2026/03/08,,韩语,2,BV1e1NVzoExD,
52,红豆,,王菲,2025/03/07，2025/05/25，2026/06/10,,华语,3,BV1B4j3zHEsq,
53,半岛铁盒,,周杰伦,2025/03/07，2025/03/28，2025/05/04，2025/05/18，2025/06/09，2025/08/04，2025/08/16，2025/09/18，2025/10/17，2025/11/21，2025/11/28，2026/05/10,,华语,12,BV1UPWpzHE5C，BV1gAUfBKE3M,
54,多远都要在一起,,G.E.M. 邓紫棋,2025/03/07，2025/04/20，2025/04/25，2025/05/18，2025/05/26，2025/06/02，2025/06/27，2025/07/07，2025/08/03，2025/09/14，2025/09/17，2025/10/03，2025/10/07，2025/12/07，2025/12/16，2025/12/28，2026/01/10，2026/01/15，2026/02/19，2026/03/07，2026/03/17，2026/03/21，2026/05/06，2026/07/05，2026/07/20,,华语,25,BV1XNTy6AE2b，BV1zmEmzhE1a,
55,We Don't Talk Anymore,,Charlie Puth,2025/03/07，2025/04/02，2025/05/09，2025/05/29，2025/05/31，2025/10/01，2025/10/31,,英语,7,BV1YHVDz7Ei4,
56,City of Stars,,Ryan Gosling/Emma Stone,2025/03/07，2025/04/06，2025/04/11，2025/04/18，2025/05/08，2025/05/25，2025/06/12，2025/07/03，2025/07/09，2025/07/29，2025/08/23，2025/09/13，2025/09/22，2025/09/26，2025/09/30，2025/10/23，2025/10/31，2025/11/07，2025/11/19，2025/11/26，2025/12/30，2026/01/28，2026/02/14，2026/03/13，2026/04/10，2026/05/23，2026/06/18，2026/06/29，2026/07/25，2026/08/25,,英语,30,BV1a7GL6FEv4，BV17uQABvEkz，BV1N8UvB8ExW,
57,First Love,,宇多田光,2025/03/07，2025/03/28，2025/04/24，2025/04/27，2025/05/01，2025/05/23，2025/05/25，2025/06/23，2025/07/03，2025/07/20，2025/07/27，2025/08/19，2025/09/06，2025/09/21，2025/10/17，2025/10/19，2025/11/01，2025/11/10，2025/11/18，2025/11/24，2025/12/23，2026/01/09，2026/01/22，2026/02/14，2026/03/22，2026/04/19，2026/05/01，2026/05/23，2026/06/25，2026/08/07,,日语,30,BV13fRMB7E8k，BV1pJocBUEN7，BV1BWGzzWEEP,
58,Superpower,,无畏契约/Kiss of Life/Mark Tuan,2025/03/07，2025/03/28，2025/08/04,,英语，韩语,3,BV1nAodYBEcN,游戏
59,ドライフラワー,干花,優里,2025/03/07，2025/03/17，2025/03/28，2025/03/29，2025/04/13，2025/04/15，2025/04/18，2025/04/28，2025/05/22，2025/06/02，2025/06/03，2025/06/10，2025/06/12，2025/06/20，2025/06/20，2025/06/27，2025/07/05，2025/07/09，2025/07/13，2025/08/04，2025/08/08，2025/08/12，2025/08/24，2025/09/06，2025/10/07，2025/10/24，2025/11/24，2025/12/04，2025/12/24，2026/01/15，2026/02/23，2026/03/08，2026/04/14，2026/05/04，2026/05/23，2026/06/14，2026/07/27，2026/08/18,,日语,38,BV1tyJA6zEgJ，BV1Q7GL6FEm3，BV19DUYBTErV,
60,Letting Go,,蔡健雅,2025/03/07，2025/04/04，2025/04/12，2025/04/18，2025/04/24，2025/06/17，2025/06/19，2025/07/11，2025/07/18，2025/08/28，2025/09/05，2025/09/08，2025/09/27，2025/10/03，2025/12/11，2025/12/30，2026/01/21，2026/01/25，2026/02/10，2026/02/23，2026/03/06，2026/03/22，2026/04/24，2026/08/19,,华语,24,BV1JQQDB3EDr，BV1ZEigB2ED4,
61,住在天狼星的那个人,,黄美婷,2025/03/07，2025/03/21，2025/04/04，2025/04/18，2025/04/29，2025/05/08，2025/05/22，2025/05/25，2025/06/06，2025/06/08，2025/06/13，2025/06/13，2025/06/26，2025/07/03，2025/07/05，2025/07/11，2025/07/14，2025/07/26，2025/08/02，2025/08/12，2025/08/21，2025/09/17，2025/11/01，2025/11/09，2025/12/04，2025/12/16，2025/12/31，2026/01/09，2026/01/15，2026/01/21，2026/01/23，2026/01/29，2026/02/02，2026/02/07，2026/02/10，2026/02/14，2026/02/19，2026/02/24，2026/02/25，2026/02/27，2026/03/01，2026/03/04，2026/03/05，2026/03/07，2026/03/08，2026/03/09，2026/03/12，2026/03/13，2026/03/14，2026/03/15，2026/03/17，2026/03/18，2026/03/19，2026/03/22，2026/03/24，2026/03/27，2026/03/28，2026/03/31，2026/04/08，2026/04/14，2026/04/18，2026/04/25，2026/05/01，2026/05/15，2026/05/25，2026/06/12，2026/06/23，2026/06/26，2026/07/04，2026/07/20，2026/07/30，2026/08/09,,华语,72,BV16L5B62E2x，BV1wCoeB3EVt，BV1C9Q3BiE8m，BV1BFXUBwEDj，BV191NVzoEZ7，BV1TzrrBAEpz，BV1L5fUB5Ebn，BV1g9M3zsE7c,
62,우주를 줄게,Galaxy/给你宇宙,脸红的思春期,2025/03/07，2025/04/14，2025/05/05，2025/05/19，2025/05/23，2025/06/13，2025/06/27，2025/07/15，2025/08/16，2025/09/11，2025/12/02，2025/12/26，2026/05/04，2026/06/28,,韩语,14,BV1HATu6mEcq，BV1PNMgzuEWm，BV1JdBCBEEPS,
63,One Last Kiss,,宇多田光,2025/03/07，2025/04/11，2025/04/29，2025/08/01，2025/10/26，2026/02/19，2026/02/23，2026/03/06，2026/08/02,,日语,9,BV12ksmzxE4b,动漫
64,带我走,,杨丞琳,2025/03/07，2025/05/01，2025/05/09，2025/05/26，2025/06/17，2025/06/20，2025/07/13，2025/09/12，2025/09/26，2025/10/11，2025/12/08，2026/01/12，2026/01/30，2026/02/07，2026/04/18，2026/05/23，2026/07/18，2026/08/21,,华语,18,BV1d5G66ME8p，BV1MQKPzdEA5，BV1fJGqz7E78，BV1icEuzEE86，BV1UhzsB1EwS,
65,Ring Ring Ring,,S.H.E,2025/03/08，2025/04/06，2025/05/15，2025/05/26，2025/07/22，2025/09/17，2025/12/30，2026/02/14，2026/05/04,,华语,9,BV126gpzSE6u,
66,在树上唱歌,,郭静,2025/03/09，2025/03/21，2025/04/11，2025/04/15，2025/04/29，2025/05/08，2025/05/16，2025/05/22，2025/05/30，2025/06/06，2025/06/13，2025/06/30，2025/07/21，2025/09/19，2025/11/14，2025/11/22，2026/04/09，2026/05/10，2026/06/12，2026/07/27,,华语,20,BV14NQFB6Eyn，BV1GwX1Y9E9U，BV1b4Tuz3Eh1，BV1naVgzEEpG,
67,给你一瓶魔法药水,,告五人,2025/03/09，2025/03/24，2025/04/06，2025/04/21，2025/04/28，2025/05/08，2025/05/20，2025/06/08，2025/07/08，2025/07/28，2025/09/24，2025/09/30，2025/11/18，2025/12/24，2026/02/02，2026/02/12，2026/04/14，2026/04/22，2026/06/10,,华语,19,BV1GrQVBWE3y，BV1Qky3BbEbV,
68,99次我爱他,,元若蓝,2025/03/09，2025/04/04，2025/04/11，2025/05/20，2025/06/16，2025/06/24，2025/08/29，2025/09/12，2025/10/12，2026/01/09，2026/05/20,,华语,11,BV1FuLb69EiM，BV1SrNtzdEsW，BV1hPJazzEeo,
69,ギターと孤独と蒼い惑星,吉他与孤独与蓝色星球,結束バンド,2025/03/09，2025/04/06，2025/05/08，2025/05/24，2025/06/06，2025/07/05，2025/07/24，2025/08/04，2025/09/08，2025/09/19，2025/10/16，2025/10/28，2025/11/13，2025/12/16，2025/12/30，2026/02/19，2026/04/14，2026/06/12，2026/06/14,,日语,19,BV1LVQGB9E3r，BV1way6BfE6d,动漫
70,Departures 〜あなたにおくるアイの歌〜,,EGOIST,2025/03/09，2025/03/14，2025/04/07，2025/04/15，2025/04/27，2025/05/12，2025/05/27，2025/06/05，2025/06/08，2025/07/20，2025/08/01，2025/09/21，2025/09/28，2025/10/07，2025/10/18，2025/10/24，2025/11/10，2025/12/01，2026/01/16，2026/02/02，2026/02/23，2026/03/08，2026/03/19，2026/03/21，2026/04/16，2026/05/10，2026/06/14，2026/07/25，2026/08/07，2026/08/25,,日语,30,BV1XgdvBZEQ3，BV1bVqVBkEJz,动漫
71,小镇姑娘,,陶喆,2025/03/09，2025/04/01，2025/04/12，2025/04/28，2025/04/29，2025/05/09，2025/08/13，2025/08/24，2025/10/07，2025/11/12，2026/03/04，2026/07/26,,华语,12,BV1F8PqzAEXH,
72,乌梅子酱,,李荣浩,2025/03/09，2025/03/30，2025/04/10，2025/04/20，2025/05/04，2025/05/13，2025/05/22，2025/06/05，2025/06/07，2025/08/29，2025/09/07，2025/09/11，2025/10/10，2025/11/09，2026/01/01，2026/06/20，2026/07/30,,华语,17,BV1WmT4zDE9V，BV1eqjn6xEEo，BV11PLczYEDi,
73,情人,,G.E.M. 邓紫棋,2025/03/09，2025/05/12，2025/06/12，2025/07/21，2025/12/11，2026/01/15，2026/03/01，2026/05/05，2026/07/16,,粤语,9,BV1LPPuzjE9K,
74,Safe & Sound,,Taylor Swift/The Civil Wars,2025/03/09，2025/04/04，2025/04/28，2025/07/08，2025/07/21，2025/08/18，2026/02/09，2026/04/08，2026/08/21,,英语,9,BV1GUGwzrE6o,
75,Color Your Night,,Lotus Juice/Azumi Takahashi/アトラスサウンドチーム/ATLUS GAME MUSIC,2025/03/10，2025/03/14，2025/05/09，2025/06/03，2025/07/18，2025/07/22，2025/08/28，2025/09/30，2025/11/27，2026/03/27，2026/04/01，2026/06/23，2026/07/31,,英语,13,BV1smjU6pENa，BV1fsnmzPEoD，BV1DDVQzjEMa，BV1rzXTBWEux,游戏
76,歌舞伎町の女王,歌舞伎町的女王,椎名林檎,2025/03/10，2025/06/05，2025/07/05，2025/08/22，2026/04/26,,日语,5,BV12pebzfEjf，BV1VjT8zzENA,
77,I'm Yours,,Jason Mraz,2025/03/10，2025/05/05，2025/05/13，2025/05/24，2025/08/12，2025/08/30，2025/11/26，2026/08/21,,英语,8,BV1JNVUzHEhw，BV1KttZztEWy，BV11qEPzEEP2,
78,Set Fire to the Rain,,Adele,2025/03/12，2025/05/03，2025/06/19，2026/01/19，2026/06/23，2026/08/21,,英语,6,BV1WmjU6WEHm，BV19PGozFEg3，BV1GrkgBWEEt,
79,慢冷,,梁静茹,2025/03/12，2025/04/29，2025/06/02，2025/09/21，2025/10/07，2025/10/28，2025/12/13，2026/01/01，2026/02/14，2026/05/06，2026/05/23，2026/07/07，2026/08/02,,华语,13,BV1h7GL6FEFX，BV1A6rxBjE4F,
80,Shape of you,,Ed Sheeran,2025/03/12，2025/04/04，2025/05/03，2025/06/15，2025/07/28，2025/09/04，2025/10/22，2026/03/04,,英语,8,BV1aHPizUEoR,
81,You (=I),,脸红的思春期,2025/03/12，2025/04/11，2025/05/04，2025/05/18，2025/06/06，2025/06/27，2025/07/15，2025/08/16，2025/09/11，2025/09/18，2025/10/05，2025/12/02，2026/02/09,,韩语,13,BV12BWNzNE2b,
82,Counting Stars,,OneRepublic,2025/03/12，2025/03/21，2025/04/04，2025/05/03，2025/06/21，2025/09/30，2025/10/22，2026/02/17,,英语,8,BV1JvZ1BuEc1,
83,GODS,登神,NewJeans,2025/03/12，2025/04/04，2025/04/19，2025/04/26，2025/06/03，2025/06/19，2025/06/26，2025/07/10，2025/07/17，2025/07/31，2025/08/24，2025/08/30，2025/09/13，2025/09/18，2025/09/19，2025/09/22，2025/09/27，2025/10/01，2025/10/24，2025/10/31，2025/11/04，2025/11/07，2025/11/09，2025/12/04，2026/01/09，2026/01/19，2026/01/21，2026/01/25，2026/03/04，2026/03/07，2026/03/14，2026/06/06，2026/06/19，2026/08/05，2026/08/05，2026/08/19,,英语,36,BV1Pn7Q6aEcn，BV1nvkjBQEGm，BV1teQ6YYEfw，BV1gD7YzuE2d,游戏
84,秒針を噛む,噬咬秒针,ずっと真夜中でいいのに。,2025/03/12，2025/04/07，2025/04/18，2025/05/10，2025/05/15，2025/05/29，2025/06/03，2025/06/16，2025/07/08，2025/07/08，2025/08/01，2025/09/04，2025/09/28，2025/10/25，2025/10/28，2025/11/03，2025/12/02，2025/12/04，2025/12/12，2026/01/05，2026/01/14，2026/02/19，2026/03/04，2026/03/31，2026/04/12，2026/04/29，2026/05/15，2026/06/12，2026/06/23，2026/07/09，2026/08/11,,日语,31,BV1sm5B6REWc，BV1VC9jBiEcL，BV133Vdz8Eyi,
85,주세요,Give Me Your,(G)I-DLE,2025/03/12，2025/04/13，2025/05/01，2025/05/06，2025/05/24，2025/06/09，2025/06/24，2025/07/08，2025/08/16，2025/08/19，2025/09/08，2025/10/07，2025/10/28，2025/11/18，2025/12/11，2026/01/14，2026/02/04，2026/05/20，2026/07/09,,韩语,19,BV1wMLb6sEw9，BV1EpmjBbEte,
86,我们的歌,,王力宏,2025/03/13，2025/04/11，2025/04/26，2025/04/29，2025/05/18，2025/06/02，2025/06/27，2025/07/05，2025/07/15，2025/08/02，2025/09/10，2026/07/16,,华语,12,BV14qQKYYEh8，BV1vbKozHEG3,
87,我的未来式,,郭采洁,2025/03/13，2025/04/03，2025/05/26，2025/06/01，2025/06/06，2025/09/08，2025/09/12，2026/04/09，2026/06/20，2026/07/22,,华语,10,BV142QFBkEm5，BV1xv7rzHE88，BV1Roj2zmEn7，BV17oQKYSE76,
88,处处吻,,杨千嬅,2025/03/13，2025/04/12，2025/05/19，2025/05/25，2025/07/05，2025/08/12，2025/09/03，2025/09/10，2025/11/14，2025/12/31，2026/02/18，2026/06/06,,粤语,12,BV1n47Q6tE8q，BV1d33ozhE7x,
89,Call Me Maybe,,Carly Rae Jepsen,2025/03/13，2025/05/10，2025/05/24，2025/06/20，2025/07/13，2025/08/23，2025/09/05，2025/09/18，2025/09/30，2025/11/27，2026/02/07,,英语,11,BV1Vvnmz4EAQ,
90,好好爱^0^,,BY2,2025/03/13，2025/03/30，2025/04/17，2025/04/21，2025/05/05，2025/05/13，2025/05/20，2025/06/06，2025/06/20，2025/06/27，2025/07/05，2025/07/31，2025/08/24，2025/08/29，2025/09/20，2025/09/30，2025/10/22，2025/11/26，2026/01/15，2026/02/14，2026/04/08，2026/05/20,,华语,22,BV1uNDEB8EDJ，BV1DUQNYKE5T,
91,好想你,,朱主爱,2025/03/13，2025/04/21，2025/05/15，2025/07/28，2025/09/10，2026/01/14，2026/06/28,,华语,7,BV1VzTM6PEye，BV1weQuYAEWL,
92,你是我的猫,,十个小张,2025/03/13，2025/04/17，2025/05/04，2025/05/13，2025/07/22，2025/09/05，2025/09/28，2026/06/03,,英语,8,BV1WC7X6vE2m，BV1ryEPzCEag,
93,日不落,,蔡依林,2025/03/13，2025/03/28，2025/04/11，2025/04/25，2025/05/15，2025/05/29，2025/06/20，2025/07/13，2025/09/19，2025/10/05，2025/10/23，2025/11/09，2026/01/23，2026/02/18，2026/04/09，2026/06/15，2026/07/22,,华语,17,BV1sgQFBTEnm，BV14jZRBVEJU,
94,Cupid,,FIFTY FIFTY,2025/03/13，2025/04/13，2025/04/19，2025/05/06，2025/06/03，2025/08/28，2025/09/17，2025/10/10，2025/11/17，2025/11/22，2025/12/24，2026/01/15，2026/01/29，2026/03/19，2026/05/15，2026/08/08,,韩语,16,BV1Q85i6bEDR，BV1iRhUzZECK,游戏
95,Animals,,Maroon 5,2025/03/13，2025/03/28,,英语,2,,
96,我的秘密,,G.E.M. 邓紫棋,2025/03/13，2025/03/14，2025/03/29，2025/04/19，2025/04/26，2025/05/09，2025/05/19，2025/05/22，2025/05/25，2025/07/03，2025/07/05，2025/07/28，2025/08/04，2025/08/21，2025/09/30，2025/11/14，2025/11/17，2026/02/10，2026/02/24，2026/03/18，2026/05/20，2026/06/19，2026/08/25,,华语,23,BV1FuLb69EZ9，BV1zdrTBpETM,
97,Daisy,,Aimer,2025/03/13，2025/05/12，2025/05/22，2025/06/16，2025/06/30，2025/08/01，2025/08/16，2025/09/19，2025/10/05，2025/11/18，2025/12/23，2026/01/09，2026/02/27，2026/04/29，2026/07/05，2026/07/22,,日语,16,BV1Jh9DBkE1q，BV1cRB1BoENX,
98,绿光,,孙燕姿,2025/03/14，2025/05/19，2025/05/20，2025/07/26，2025/08/16，2025/12/11，2026/04/09，2026/04/18，2026/07/22,,华语,9,BV14AdsBXEZc，BV1SWD4BEEB7，BV1ynm3BsEbZ，BV1ZzQuYZEy2,
99,彩虹的微笑,,王心凌,2025/03/14，2025/05/15，2025/06/06，2025/07/31，2025/09/12，2026/04/09,,华语,6,BV14Bpgz2EkQ，BV18sTuzkEeX，BV1PtEnz8Edr,
100,心愿便利贴,,元若蓝/大Q秉洛,2025/03/14，2025/03/28，2025/05/15，2025/06/07，2025/07/18，2025/09/12，2025/11/09，2025/11/22，2026/03/09，2026/04/14，2026/05/20,,华语,11,BV1vVQGBXELQ，BV1qLpgzaEQ5，BV1k2T1zPEcd,
101,Blank Space,,Taylor Swift,2025/03/14，2025/03/14，2025/04/14，2025/05/26，2025/06/02，2025/06/12，2025/06/23，2025/07/06，2025/07/10，2025/07/25，2025/08/23，2025/09/20，2025/11/09，2026/03/25，2026/04/26，2026/06/15，2026/08/25,,英语,17,BV1MojP6BERK，BV1ujQuYyEDq，BV11WjQz1Etp,
102,Love Love Love,,蔡依林,2025/03/14，2025/04/02，2025/05/12，2025/05/23，2025/06/26，2025/07/08，2025/07/31，2025/08/22，2025/09/02，2025/09/15，2025/10/10，2025/11/03，2026/02/02，2026/04/01，2026/05/20，2026/07/26,,华语,16,BV1MeLb6qE99，BV1KaauzNE4s,
103,带我离开,,BY2,2025/03/14，2025/03/20，2025/04/07，2025/05/06，2025/05/18，2025/05/30，2025/06/16，2025/06/27，2025/08/13，2025/08/24，2025/09/18，2025/09/19，2025/11/01，2026/02/14，2026/06/28，2026/07/22,,华语,16,BV1sBNhzxEzn,
104,我爱他,,丁当,2025/03/14，2025/04/17，2025/04/25，2025/06/23，2025/08/30，2025/09/12，2025/09/15，2025/11/19，2026/02/08，2026/04/09，2026/07/16,,华语,11,BV14uypBDERJ,
105,Isahini,,LÜCY,2025/03/14，2025/04/14，2025/05/06，2025/05/30，2025/07/22，2025/08/26，2025/09/03，2025/10/10，2025/11/13，2025/12/19，2026/01/12，2026/02/07，2026/03/15，2026/04/19，2026/06/26，2026/08/25,,英语,16,BV1JpocB1EJS，BV1UtzsBmE9n,
106,我用什么把你留住,,福禄寿FloruitShow,2025/03/14，2025/03/25，2025/06/26，2025/07/05，2025/09/05,,华语,5,BV1XSobYHEvS，BV1ABKZzNETy,
107,Love Song,,方大同,2025/03/14，2025/10/11，2025/11/14,,华语,3,BV1SGCuB7EtQ,
108,One More Last Time,,Henry Young/Ashley Alisha,2025/03/14，2025/05/15，2025/06/30，2025/08/13，2025/10/25，2026/03/13，2026/06/12，2026/07/17,,韩语,8,BV1znJ569EPZ，BV1RmEnz1ETY,
109,그대라는 시,All about you / 名为你的诗,太妍,2025/03/14，2025/05/19，2025/07/21，2025/10/20，2025/11/09，2026/01/14，2026/02/19，2026/04/19，2026/06/03,,韩语,9,BV1nJocBmES3，BV1eqzWBXE55,
110,悪魔の子,恶魔之子,ヒグチアイ,2025/03/14，2025/06/06，2025/06/27，2025/08/01，2025/11/09，2025/11/14，2026/06/12,,日语,7,BV1RLE16eED7，BV1uLQrYvEXC，BV1ZRCMBfEPY，BV1QtgozdEWF,动漫
111,凄美地,,郭顶,2025/03/14，2025/04/11，2025/04/25，2025/06/05，2025/06/15，2025/07/07，2025/09/11，2025/10/10，2025/11/14，2025/12/09，2026/04/08，2026/07/27,,华语,12,BV1bZvxBGEiJ,
112,暖暖,,梁静茹,2025/03/14，2025/05/20，2025/07/23，2025/11/28，2025/12/09，2026/07/31,,华语,6,BV1GMQrYgEZv，BV1F1JhzQEFY,
113,下一个天亮,,郭静,2025/03/14，2025/04/02，2025/05/10，2025/05/18，2025/05/23，2025/06/05，2025/06/08，2025/06/27，2025/09/03，2025/09/21，2025/10/30，2025/11/22，2025/12/09，2026/01/15，2026/02/19，2026/03/13，2026/03/15，2026/03/21，2026/06/14，2026/06/17，2026/07/20，2026/07/31，2026/08/21,,华语,23,BV1b1KmzUE9y，BV1Qgw4z7ES1,
114,Someone Like You,,Adele,2025/03/14，2025/04/24，2025/05/03，2025/06/23，2025/08/21，2025/10/07，2025/10/31，2026/01/19，2026/04/18，2026/05/01，2026/05/23，2026/07/17，2026/08/25,,英语,13,BV1nRdpBgEYi，BV1AtQrY4EzH，BV1fZyDBDEiJ,
115,Viva la Vida,,Coldplay,2025/03/14，2025/04/05，2025/07/22，2026/02/27，2026/04/09，2026/04/14，2026/04/22，2026/06/10，2026/06/19,,英语,9,BV1GbobBLEDi，BV1GBQ3BmEBA，BV1kcAXzVEWt，BV1QhgpzdEb7,
116,晴天,,周杰伦,2025/03/14，2025/03/28，2025/04/18，2025/09/20，2025/10/12，2025/10/22，2026/01/02，2026/01/30，2026/04/09，2026/07/31,,华语,10,BV1sv4gzWELe,
117,梦里花,,张韶涵,2025/03/14，2025/04/24，2025/05/25，2025/08/21，2025/09/10，2025/11/03，2025/11/24，2026/04/09，2026/04/14，2026/04/24，2026/05/23，2026/08/02,,华语,12,BV1C6G66nEga，BV1jPoEBQEPw，BV1DrQ3ByECZ，BV1CVQFBNEYU，BV1vUUYBzEnY，BV1wDY9z9EYs，BV1DCj3z6Ec7，BV1fLQ6Y1ETv,
118,瞬き,,back number,2025/03/14，2025/04/12，2025/05/20，2025/05/30，2025/06/27，2025/08/13，2025/09/11，2025/10/28，2025/12/20，2026/01/16，2026/04/17，2026/08/08,,日语,12,BV1rEdLBDEMF，BV1PHJizCEQj，BV1fTY4zMEw1，BV1HWrSBLE93,
119,爱你（把我们衣服纽扣互扣）,,徐俊雅,2025/03/14，2025/04/06，2025/04/11，2025/04/29，2025/06/09，2025/09/26，2025/11/22，2026/03/08,,华语,8,BV1meTezkEqK,
120,爱你,,王心凌,2025/03/21，2025/06/19，2025/07/10，2025/09/07，2025/09/21，2025/12/01，2026/02/14，2026/03/06,,华语,8,BV1tYXyYCEsF,
121,If I Were a Boy,,Beyoncé/R. Kelly,2025/03/14，2025/05/23，2025/07/22，2026/04/09,,英语,4,BV1aFjpzzEuJ,
122,O.O,,NMIXX,2025/03/14,,韩语,1,BV1fqQrYJEHd,
123,Girls Like Me Don't Cry,,Thuy,2025/03/15，2025/04/05，2025/05/15，2025/08/12，2026/03/28,,英语,5,BV132XyB5Ev6，BV1SwtfzPEQQ,
124,喜欢你,,G.E.M. 邓紫棋,2025/03/15，2025/06/26，2025/08/04，2025/09/18，2025/10/25，2026/03/05，2026/07/28,,粤语,7,BV14gKfzGEvA,
125,Fix You,,Coldplay,2025/03/15，2025/05/22，2025/06/10，2025/11/09，2025/11/14，2026/03/19，2026/06/15，2026/08/02,,英语,8,BV1EjJG6UEhu，BV1zTJHzdEvq，BV1ubQSYZEco,
126,左边,,杨丞琳,2025/03/15，2025/04/03，2025/04/11，2025/04/29，2025/05/18，2025/05/26，2025/06/02，2025/07/03，2025/08/21，2025/09/12，2025/11/19，2025/12/08，2025/12/12，2026/02/14，2026/03/12，2026/04/09，2026/05/10，2026/05/23，2026/06/06，2026/06/25，2026/07/18，2026/08/25,,华语,22,BV1ukQFBLE4p，BV1TAZxB8EPw，BV1BN21BzEaJ,
127,爱哭鬼,,江美琪,2025/03/15，2025/05/12，2025/06/23，2025/09/04，2025/12/23，2026/05/05，2026/07/16，2026/08/25,,华语,8,BV1f97Rz1EtK,
128,Dance Monkey,,Tones and I,2025/03/16，2025/04/17，2025/05/08，2025/09/11，2025/10/03，2025/10/16，2025/11/19，2026/02/07，2026/06/23，2026/08/18,,英语,10,BV1VfHez4EBa,
129,普通朋友,,陶喆,2025/03/17，2025/03/28，2025/04/15，2025/04/19，2025/04/25，2025/05/01，2025/05/18，2025/05/25，2025/05/29，2025/06/05，2025/06/12，2025/06/22，2025/07/03，2025/07/11，2025/07/18，2025/07/22，2025/07/31，2025/08/01，2025/08/02，2025/08/03，2025/08/12，2025/09/03，2025/09/11，2025/09/18，2025/09/26，2025/10/03，2025/10/09，2025/10/20，2025/11/12，2025/12/07，2025/12/23，2026/01/05，2026/01/21，2026/01/29，2026/02/09，2026/02/20，2026/02/23，2026/03/04，2026/03/06，2026/03/07，2026/04/11，2026/04/14，2026/04/29，2026/05/23，2026/07/03，2026/07/21，2026/08/11，2026/08/25,,华语,48,BV1iKGL6qEH3，BV1pXD2BcECv，BV1A1fzBwEjQ，BV19KmPBDERd，BV1B1fGBjEtL,
130,危险派对,,王以太/刘至佳,2025/03/17，2025/04/14，2025/04/29，2025/07/15，2025/07/25，2025/08/04，2025/08/22，2025/09/11，2025/09/30，2025/10/25，2025/11/07，2026/03/06，2026/04/02，2026/06/20，2026/07/22,,华语,15,BV13sjW6wEUF，BV1fgP4zNEYf,
131,说爱 (FEELING LOVE),,NIA杨心予,2025/03/17，2025/03/27，2025/04/25，2025/05/01，2025/05/15，2025/06/10，2025/07/03，2025/09/11，2025/12/11，2026/01/09，2026/08/11,,华语,11,BV1NimyBWEr3，BV196X3YfEum,
132,沉溺 (你让我的心不再结冰),,邹沛沛/Pank,2025/03/17，2025/04/07，2025/04/17，2025/04/28，2025/05/20，2025/06/03，2025/07/11，2025/08/04，2025/09/11，2025/09/24，2025/10/07，2025/11/26，2025/12/24，2026/02/07，2026/07/16,,华语,15,BV1umu3zpEgC,
133,都是因为月亮,,食呓贩售机,2025/03/17，2025/04/17，2025/05/13，2025/05/23，2025/07/21，2025/07/29，2025/08/07，2025/09/30，2025/10/31，2025/12/09，2026/01/12，2026/04/26，2026/07/09，2026/08/02,,英语,14,BV19SgWzYEEg，BV1NajHzfEyP,
134,虫儿飞,,儿歌,2025/03/17，2025/05/17，2025/06/01，2025/09/21，2025/10/09，2025/11/26，2026/08/02,,华语,7,BV12DXuY5Ezm，BV1csJRzWE8o,
135,Diamonds,,Rihanna ,2025/03/17,,英语,1,BV1LmXKYSEwG,
136,Psycho,,Red Velvet,2025/03/17，2025/04/29，2025/06/03，2025/07/24，2025/08/01，2025/08/03，2025/10/10，2025/11/09，2026/04/26，2026/08/02,,韩语,10,BV1EAM4zyEh2，BV1QrXuYnEaL,
137,偏爱,,张芸京,2025/03/17，2025/06/05，2025/06/05，2025/06/23，2025/08/12，2025/09/02，2025/09/12，2025/11/09，2025/12/04，2026/01/01，2026/01/29，2026/04/09，2026/06/15，2026/08/05,,华语,14,BV1g2QwBnEJV，BV1CF2LBhEi1,
138,半梦,,ChiliChill,2025/03/18，2025/03/25，2025/04/02，2025/04/17，2025/05/01，2025/05/08，2025/05/10，2025/05/24，2025/05/29，2025/06/23，2025/06/27，2025/07/08，2025/07/28，2025/08/03，2025/09/08，2025/09/22，2025/10/03，2025/10/11，2025/10/16，2025/10/24，2025/11/18，2025/12/02，2025/12/17，2026/01/09，2026/01/15，2026/02/02，2026/02/14，2026/03/13，2026/03/25，2026/04/24，2026/05/23，2026/06/17，2026/07/05，2026/07/09，2026/07/31，2026/08/08，2026/08/23,,华语,37,BV1TWLR6gEQV，BV1qKrGBwEpo,
139,不够成熟,,BY2,2025/03/18，2025/03/25，2025/05/22，2025/07/10，2025/09/08，2025/10/09，2025/11/01，2026/01/15，2026/04/08，2026/08/16,,华语,10,BV1mJuKzKE7z，BV1quJJzmEe9,
140,戒烟,,李荣浩,2025/03/19，2025/04/07，2025/04/21，2025/05/01，2025/05/10，2025/05/27，2025/06/09，2025/06/23，2025/06/26，2025/07/03，2025/09/15，2025/09/28，2025/10/01，2025/10/17，2026/01/03，2026/01/05，2026/01/30，2026/03/14，2026/03/31，2026/04/20，2026/05/01，2026/06/19，2026/06/30，2026/07/18，2026/08/03,,华语,25,BV1AEd6BZE99，BV17NkTBHEYN,
141,七里香,,周杰伦,2025/03/19，2025/07/07，2025/08/12，2025/08/26，2025/09/13，2025/09/17，2025/10/10，2025/11/21，2025/12/11，2026/01/02，2026/01/15，2026/01/28，2026/02/19，2026/03/05，2026/04/09，2026/06/06，2026/06/20，2026/07/31，2026/07/31,,华语,19,BV1HC7D6oEyY，BV1tnmmBcEEy,
142,牛仔很忙,,周杰伦,2025/03/19，2025/04/05，2025/04/24，2025/05/12，2025/06/19，2025/07/11，2025/07/31，2025/09/03，2025/09/20，2025/10/17，2025/11/09，2025/11/21，2026/01/15,,华语,13,BV1nnQdYtEur，BV18LNozTENV,
143,你的微笑,,F.I.R.飞儿乐团,2025/03/19，2025/04/07，2025/05/13，2025/06/10，2025/08/21，2025/11/19，2026/01/10，2026/04/09,,华语,8,BV1n7QdY8Edw，BV18jM3zSE4Q,
144,Say You Love Me feat. Tamala,,西原健一郎/Tamala (塔玛拉),2025/03/19，2025/04/08，2025/04/18，2025/05/12，2025/05/23，2025/06/27，2025/07/24，2025/08/28，2025/10/11，2025/10/31，2025/11/24，2025/12/19，2026/02/02，2026/04/19，2026/07/25,,英语,15,BV1AddfBjEtH，BV1GTK6zaEPD,
145,圣诞结,,陈奕迅,2025/03/19，2025/03/28，2025/04/11，2025/05/19，2025/05/23，2025/06/12，2025/06/23，2025/07/20，2025/08/19，2025/09/21，2025/10/07，2025/10/20，2025/10/28，2025/11/09，2025/11/24，2025/12/16，2025/12/24，2025/12/26，2026/05/23，2026/07/30,,华语,20,BV1BrUYB5Egp,
146,妥协,,蔡依林,2025/03/19，2025/04/07，2025/04/17，2025/04/22，2025/05/22，2025/06/23，2025/07/09，2025/08/26，2025/09/28，2025/11/21，2025/12/04，2026/01/03，2026/02/10，2026/03/13，2026/03/22，2026/04/14，2026/06/17，2026/08/25,,华语,18,BV1U1QVBSEzo，BV1RukTBmEp8,
147,没有如果,,梁静茹/严爵,2025/03/19，2025/04/07，2025/05/18，2025/06/13，2025/09/12，2025/10/01，2026/04/20，2026/06/10,,华语,8,BV1aJdUBFEHA，BV1mbHpz7Ern，BV1abpgzXEAM，BV1DbJGzSEQj,
148,月牙湾,,F.I.R.飞儿乐团,2025/03/19，2025/03/28，2025/03/29，2025/04/11，2025/05/08，2025/05/22，2025/05/25，2025/05/29，2025/06/15，2025/07/14，2025/08/21，2025/09/26，2025/10/03，2025/11/19，2025/11/26，2026/01/01，2026/01/09，2026/03/22，2026/04/09，2026/04/20，2026/05/25，2026/06/10，2026/06/19，2026/08/11,,华语,24,BV13JdUBFEQh，BV1cADbBrESS，BV19QnGzZE9f，BV1DZiFBgEhH，BV13rQZYQEem，BV1HD7VzqEQy，BV1UwSMBoE3e,
149,红色高跟鞋,,蔡健雅,2025/03/19，2025/04/17，2025/05/20，2025/05/31，2025/09/15，2025/10/13，2025/10/22，2025/12/24，2026/04/26，2026/06/19，2026/06/20,,华语,11,BV1bfjB6NEqL，BV1aApuzQEXg，BV136QZYpEx3,
150,Walkashame,,Meghan Trainor,2025/03/20，2025/06/03，2026/08/16,,英语,3,BV1PP7ez8EEn，BV1B8XCYoE5b,
151,プラスティック・ラブ,塑料爱,竹内まりや,2025/03/20，2025/04/04，2025/04/17，2025/04/21，2025/04/29，2025/05/08，2025/05/30，2025/06/13，2025/06/26，2025/07/08，2025/07/18，2025/08/22，2025/09/05，2025/09/28，2025/10/25，2025/11/10，2025/11/27，2025/12/08，2025/12/24，2026/01/28，2026/04/22，2026/05/05，2026/06/14，2026/07/22，2026/07/31,,日语,25,BV1bBobBuETA，BV143MzzoEpV,
152,泡沫,,G.E.M. 邓紫棋,2025/03/20，2025/05/19，2025/06/12，2025/06/19，2025/06/23，2025/07/11，2025/08/03，2025/08/12，2025/08/21，2025/09/15，2025/10/07，2025/12/02，2026/01/16，2026/02/02，2026/02/23，2026/02/25，2026/03/17，2026/04/08，2026/05/06，2026/05/21，2026/06/25，2026/07/18，2026/08/25,,华语,23,BV1eqDEBqEQp，BV1gHpBzAEnJ,
153,梦中人,,王菲,2025/03/20，2025/04/04，2025/05/19，2025/06/08，2025/06/12，2025/07/13，2025/08/28，2025/09/26，2025/10/25，2025/11/19，2025/11/27，2026/01/22，2026/01/25，2026/02/19，2026/05/20，2026/07/02，2026/08/02，2026/08/09,,粤语,18,BV1cDLb6dEFn，BV1WpzNBnEBD,
154,Dress,,Taylor Swift,2025/03/20，2025/05/23，2025/07/21，2025/08/08，2025/09/05，2026/01/29，2026/08/25,,英语,7,BV14fJwzJEZQ,
155,I love you 3000(feat. Stephanie Poetri),,Yusei/Stephanie Poetri,2025/03/20，2025/05/22，2025/05/29，2025/06/03，2025/08/28，2025/09/11，2025/10/18，2025/10/30，2025/11/28，2025/12/28，2026/03/15，2026/05/19，2026/07/13,,英语,13,BV1i8L26AEz7，BV1MXvYBfENe,
156,Wonderful U,,AGA,2025/03/20，2025/04/04，2025/05/03，2025/05/22，2025/06/05，2025/07/25，2025/08/16，2025/08/26，2025/09/21，2025/10/03，2025/11/12，2025/12/08，2026/01/23，2026/01/26，2026/02/07，2026/02/10，2026/02/23，2026/02/25，2026/02/27，2026/03/01，2026/03/04，2026/03/13，2026/03/24，2026/03/28，2026/03/29，2026/04/27，2026/05/02，2026/06/18，2026/07/04，2026/07/31，2026/08/25,,英语,31,BV1t4o1BDEdb，BV18mXyBCEzT，BV15uzuB1ECd,游戏
157,霓虹甜心,,马赛克乐队,2025/03/20，2025/04/11，2025/04/22，2025/05/08，2025/06/12，2025/08/22，2025/08/29，2025/09/05，2025/11/19，2025/12/31，2026/02/14，2026/04/24,,华语,12,BV1iKoEBnEnK，BV1BPvDBxEPY,
158,别再问我什么是迪斯科,,张蔷,2025/03/20，2025/04/17，2025/05/13，2025/05/30，2025/06/06，2025/07/08，2025/08/07，2025/08/22，2025/09/30，2025/11/09，2025/11/13，2025/12/31，2026/04/16，2026/06/20,,华语,14,BV1gLdvBxELz，BV1N5EAzjEbT，BV1ePXiYhEsn,
159,Titanium,,David Guetta/Sia,2025/03/20，2025/06/26，2026/04/14，2026/06/10，2026/08/02,,英语,5,BV18VXiYsEnd,
160,Let's Fall in Love for the Night,,FINNEAS,2025/03/20，2025/04/17，2025/05/01，2025/05/03，2025/05/18，2025/05/22，2025/05/29，2025/06/06，2025/06/13，2025/06/30，2025/07/09，2025/07/27，2025/08/23，2025/09/03，2025/09/11，2025/10/11，2025/10/17，2025/12/24，2026/01/16，2026/02/07，2026/03/28，2026/08/16,,英语,22,BV145XyBKEtS，BV1MCGzz6E9p,
161,匿名的好友,,杨丞琳,2025/03/20，2025/03/29，2025/05/09，2025/05/18，2025/05/22，2025/05/26，2025/06/13，2025/06/23，2025/07/07，2025/07/14，2025/07/18，2025/08/07，2025/08/19，2025/08/28，2025/09/12，2025/09/28，2025/10/09，2025/12/08，2025/12/26，2026/01/05，2026/01/24，2026/02/05，2026/02/14，2026/03/09，2026/03/28，2026/04/26，2026/05/05，2026/05/23，2026/06/12,,华语,29,BV1gmXyBCEEx，BV19spgzxEJp,
162,Rolling in the Deep,,Adele,2025/03/21，2025/06/28，2025/08/04，2026/01/19，2026/04/08,,英语,5,BV1xQKmzyEdm,
163,光年之外,,G.E.M. 邓紫棋,2025/03/21，2025/05/12，2025/12/07，2026/04/24,,华语,4,BV1YGoEBjE8F，BV1TWY1zgE8f，BV1b2MtzPEBw,
164,Moves Like Jagger,,Maroon 5,2025/03/21，2026/06/12，2026/08/02,,英语,3,BV1PoJE61EM6，BV1iuXkYHEUG,
165,一千年以后,,林俊杰,2025/03/21,,华语,1,,
166,爱的回归线,,单依纯,2025/03/21，2025/05/19，2025/06/13，2025/07/22，2025/07/23，2025/08/25，2025/09/12，2025/10/26，2025/12/17，2026/02/09，2026/03/04，2026/03/25，2026/03/29，2026/05/23，2026/08/25,,华语,15,BV1TPXSBEEep，BV13AXCYLEaV,
167,爱我别走,,张震岳,2025/03/21，2025/06/27,,华语,2,BV1wKgRzPEp1,
168,她说,,林俊杰,2025/03/21，2025/04/24，2025/06/05，2025/07/26，2025/09/21，2025/10/16，2025/10/30，2025/11/09，2026/01/09，2026/04/24，2026/05/23，2026/06/20，2026/07/19,,华语,13,BV17yoEBsEVA，BV1jrrMBQEz7，BV1oTT8zyEX4，BV1bKXCYVExo,
169,Style,,Taylor Swift,2025/03/21，2025/04/13，2025/06/07，2025/06/16，2025/09/14，2025/10/05，2025/10/31，2025/11/12，2025/12/06，2026/02/07，2026/03/24，2026/04/26，2026/05/04，2026/05/23，2026/07/09，2026/07/27,,英语,16,BV174Gz63E6w，BV1FU1uBzEst,
170,I Knew You Were Trouble,,Taylor Swift,2025/03/21，2025/04/14，2025/05/12，2025/06/07，2025/07/06，2025/07/21，2025/09/14，2025/10/31，2025/11/09，2026/01/09，2026/05/04，2026/07/27,,英语,12,BV16XrTBsEcd，BV1hzyXBkETx，BV1o9TCzDE4H,
171,别找我麻烦,,蔡健雅,2025/03/21，2025/03/29，2025/04/25，2025/05/30，2025/06/22，2025/07/18，2025/09/03，2025/09/13，2026/04/16，2026/08/23,,华语,10,BV1bEdvBpEBc，BV1NaarzsEjk，BV1TT7Kz9ESB,
172,水手公园,,GALA,2025/03/21,,华语,1,,
173,Knock Knock,,TWICE,2025/03/21，2025/09/28,,韩语,2,BV1ChndzwE25,
174,心墙,,郭静,2025/03/21，2025/04/06，2025/04/18，2025/04/25，2025/05/27，2025/07/11，2025/07/24，2025/08/09，2025/09/15，2025/09/21，2025/10/11，2025/10/24，2025/11/03，2025/11/22，2026/01/22，2026/02/19，2026/03/15，2026/04/02，2026/05/01，2026/05/23，2026/07/09，2026/08/11,,华语,22,BV1G7GL6cEBd，BV1wB9PBHEQp，BV1Rqw3zCEFo，BV1v84TzcEMv,
175,人是_,,周深,2025/03/21，2025/06/26，2025/10/24，2026/04/01,,华语,4,BV1f4KfzhEoC，BV1qVXyY4ELM,
176,囍帖街,喜帖街,谢安琪,2025/03/21，2025/05/09，2025/05/30，2025/07/22，2025/09/28，2025/11/18，2025/12/08，2026/02/18，2026/03/06，2026/03/13，2026/03/14，2026/03/31，2026/05/01，2026/06/28，2026/07/17，2026/08/02，2026/08/21,,粤语,17,BV1s3nfzkEye,
177,愿与愁,,林俊杰,2025/03/21，2025/04/04，2025/04/19，2025/05/26，2025/06/02，2025/07/27，2025/09/06，2025/09/08，2025/10/11，2026/04/02,,华语,10,BV1NoYNzxEcc，BV1p9KpzTEvo,
178,乐园游梦记,,Sān-Z/HOYO-MiX/于梓贝,2025/03/21，2025/04/04，2025/04/18，2025/04/25，2025/05/01，2025/05/25，2025/06/02，2025/06/06，2025/12/26，2026/01/21，2026/03/12,,粤语,11,BV1jGjGzDE4g,游戏
179,小半,,陈粒,2025/03/21，2025/05/01，2025/05/24，2025/06/05，2025/06/26，2025/07/24，2025/09/11，2025/10/17，2025/10/23，2025/11/19，2026/01/19，2026/03/09，2026/04/18，2026/04/20，2026/05/10，2026/06/19，2026/06/26，2026/07/27,,华语,18,BV13GdWBZEqB，BV17HP9zkE69,
180,易燃易爆炸,,陈粒,2025/03/21，2025/04/07，2025/04/18，2025/05/08，2025/10/24，2025/12/12，2026/04/26,,华语,7,BV188spztEYf，BV1dbVfzyEzW,
181,Never Grow Up,,Taylor Swift,2025/03/21，2025/04/28，2025/05/13，2025/06/07，2025/06/21，2025/08/28，2025/09/29，2025/10/24，2025/11/14，2025/12/17，2026/03/25，2026/08/07,,英语,12,BV1M3SABjEb9，BV1UbEPz9Eyd，BV1i1wbzwEaz,
182,我知道,,BY2,2025/03/21，2025/04/05，2025/05/18，2025/06/12，2025/07/14，2025/07/15，2025/08/02，2025/08/30，2025/10/03，2025/11/01，2025/11/26，2025/12/02，2026/02/14，2026/07/09，2026/08/25,,华语,15,BV1o2MwzMExo,
183,屑屑,,ChiliChill,2025/03/22，2025/04/05，2025/04/17，2025/04/21，2025/04/22，2025/04/25，2025/05/08，2025/05/15，2025/05/25，2025/05/29，2025/06/03，2025/06/13，2025/06/23，2025/07/06，2025/07/15，2025/08/03，2025/08/16，2025/09/03，2025/09/10，2025/09/30，2025/10/16，2025/10/22，2025/10/30，2025/11/18，2025/12/02，2025/12/05，2025/12/30，2026/01/23，2026/01/29，2026/02/23，2026/03/17，2026/03/22，2026/04/19，2026/05/10，2026/06/12，2026/07/22，2026/08/08,,华语,37,BV1NDdfBUEL9，BV1Xr2xBVEqN，BV1Csf6BeE7B,
184,今天你要嫁给我,,陶喆/蔡依林,2025/03/22，2025/06/24，2026/05/20,,华语,3,BV1BdLb6HELG，BV11GKVzVEfL,
185,年轮说,,杨丞琳,2025/03/22，2025/04/03，2025/04/19，2025/05/26，2025/09/18，2025/10/17，2026/01/01，2026/05/10,,华语,8,BV1pu5s65Esw，BV1EMpQzEEJx，BV18ZiFBgEyW，BV1z4j1zJELw，BV1HvWhzPEe3,
186,海芋恋,,萧敬腾,2025/03/23，2025/04/01，2025/05/12，2025/05/31，2025/07/11，2025/08/16，2025/09/19，2025/09/24，2025/11/18，2026/01/09，2026/02/14,,华语,11,BV1LvWVzgEEn,
187,You Belong With Me,,Taylor Swift,2025/03/23，2025/03/28，2025/04/06，2025/05/15，2025/05/22，2025/05/29，2025/06/07，2025/06/09，2025/07/06，2025/07/15，2025/09/06，2025/09/14，2025/09/30，2025/11/13，2026/01/29，2026/02/09，2026/03/25，2026/04/19，2026/05/23，2026/06/12，2026/07/22，2026/07/27,,英语,22,BV1j8Gz6uELh，BV1JwoFB3E6c，BV1Q6E2zjE2b,
188,死性不改,,Boy'z,2025/03/23，2025/04/17，2025/05/25，2025/12/02，2026/01/14，2026/06/06,,粤语,6,BV1hT7Q63Ezk，BV1CDSbByE47，BV1PKLczAEhW，BV1rEj3zoEfG,
189,Someday or One Day,,孙盛希,2025/03/23，2025/04/10，2025/05/01，2025/05/19，2025/06/08，2025/07/14，2025/09/11，2025/09/12，2025/10/31，2026/01/09，2026/07/05,,英语,11,BV1ZHGzz9EoH，BV19qupzZEJQ,
190,杀破狼,,詹雯婷,2025/03/24，2025/04/02，2025/05/18，2025/06/19，2025/07/07，2025/09/04，2025/09/12，2026/01/19，2026/04/09,,华语,9,BV1FBokYTETa，BV1bjNoziEuq，BV1PtGLzYEkK,
191,童话镇,,暗杠,2025/03/24，2025/04/21，2025/04/21，2025/05/31，2025/12/19,,华语,5,BV14A5QzVE3K，BV1wE7KzjEG2，BV1dKq6BcErY,
192,勇敢,,BY2,2025/03/24，2025/04/06，2025/04/21，2025/04/26，2025/05/18，2025/08/24，2025/12/30,,华语,7,BV1xRepzCEKq，BV1VqNXziE8q，BV1ytRrYTEZa,
193,简单爱,,周杰伦,2025/03/24，2025/04/06，2025/04/15，2025/04/27，2025/05/05，2025/05/22，2025/05/30，2025/06/02，2025/06/06，2025/06/09，2025/06/21，2025/06/27，2025/08/25，2025/09/06，2025/09/10，2025/09/19，2025/10/05，2025/11/21，2025/12/07，2026/01/17，2026/02/14，2026/04/09，2026/05/20，2026/06/19，2026/06/28，2026/07/31,,华语,26,BV1RnLb6LEoE，BV1Gn7XzhEHE,
194,I Kissed a Girl,,Katy Perry,2025/03/24，2025/06/23，2026/01/09，2026/04/09,,英语,4,BV1kSrTB4EPi，BV1eKKhz3EE3,
195,香水百合,,张韶涵,2025/03/24，2025/03/28，2025/05/25,,华语,3,BV1wuZwYZEmf，BV1rnj3zxE6a,
196,Our Song,,Taylor Swift,2025/03/25，2025/04/11，2025/04/20，2025/05/17，2025/05/22，2025/06/07，2025/06/21，2025/07/06，2025/07/28，2025/09/03，2025/09/14，2025/11/09，2026/01/01，2026/02/07，2026/03/25，2026/04/26，2026/06/23，2026/07/31，2026/07/31,,英语,19,BV1HzarzSEgr,
197,Everything Has Changed,,Taylor Swift/Ed Sheeran,2025/03/25，2025/05/05，2025/06/23，2025/09/15，2025/12/07，2026/06/12,,英语,6,BV1EnJ569Ez5，BV19MmPBJEoW，BV1Jg37zfEct,
198,Fifteen,,Taylor Swift,2025/03/25，2025/04/22，2025/06/19，2026/01/19,,英语,4,BV1cPk3BBEjq，BV1MiEMziEA9，BV1TcoaYQEZV,
199,听见下雨的声音,,周杰伦,2025/03/25，2025/07/24，2025/07/29，2025/07/31，2025/09/04，2025/09/24，2025/10/03，2025/10/16，2025/11/18，2025/11/21，2026/03/05，2026/06/06,,华语,12,BV1Yn7D6kEcn，BV1qgb1z5EKh，BV1ieP2znEAT,
200,Grenade,,Bruno Mars,2025/03/25，2025/05/13，2025/05/29，2025/06/17，2025/08/22，2025/09/04，2026/03/25，2026/06/23，2026/08/21,,英语,9,BV1FwEwzvEjt，BV1bAeazgE8Z,
201,Rehab,,Amy Winehouse,2025/03/25，2025/09/24，2025/11/27，2026/04/14，2026/06/10,,英语,5,BV1qgQGBREWE，BV1t8J9zcEcz,
202,一万次悲伤,,徐歌阳,2025/03/25，2025/04/18，2025/06/02，2026/02/19，2026/05/23,,华语,5,BV18EGL6bEEd，BV1oK5EzwExE,
203,素颜,,许嵩/何曼婷,2025/03/25，2025/05/20，2025/06/01，2025/07/15，2025/09/27，2025/10/03，2026/03/09，2026/06/26,,华语,8,BV13dPXz8ELA，BV1UTJaziECc,
204,离歌,,信乐团,2025/03/25，2025/04/18，2025/04/24，2025/06/23，2025/09/29，2025/12/17，2026/04/08，2026/05/21,,华语,8,BV1A2Lh6TE1D，BV1wiY1zwEKF，BV18j5EzsEtC,
205,Shut Up and Dance,,WALK THE MOON,2025/03/25，2025/09/19，2025/10/10，2025/11/09,,英语,4,BV1USWVzfEuB，BV1L5ZnYTE6Q,
206,猜不透,,丁当,2025/03/25，2025/04/06，2025/05/01，2025/06/23，2025/07/09，2025/09/05，2025/09/15，2025/10/16，2025/11/19，2025/12/17，2026/04/09，2026/07/16,,华语,12,BV1WVQFBNEE4，BV1CkpMzKEPy，BV1RGjdzzE4G,
207,倒带,,蔡依林,2025/03/27，2025/04/03，2025/04/15，2025/04/24，2025/05/13，2025/06/02，2025/06/27，2025/07/14，2025/08/26，2025/09/02，2025/10/03，2025/10/17，2025/11/21，2026/02/14，2026/02/23，2026/02/25，2026/03/09，2026/03/15,,华语,18,BV1Z5UEBvEPF，BV12Ef6BBEgR,
208,Somewhere Only We Know,,Lily Allen,2025/03/27，2025/04/17，2025/05/15，2025/05/27，2025/11/27，2025/12/24，2026/01/14，2026/06/28，2026/08/18,,英语,9,BV1MAEHziEEN，BV1XkzWBJEcL,
209,デスぺレート,孤注一掷/Desperate,TeddyLoid/ギガP (Giga-P)/LOLUET,2025/03/27，2025/04/03，2025/04/15，2025/04/28，2025/04/29，2025/05/12，2025/06/06，2025/06/16，2025/07/24，2025/08/01，2025/09/05，2025/09/26，2025/10/28，2025/12/05，2026/01/09，2026/02/19，2026/03/22，2026/04/16，2026/08/08,,日语,19,BV1jEdaBdEwT，BV1FCa8zEEue,
210,すずめ feat.十明,铃芽,RADWIMPS/十明,2025/03/27，2025/06/08，2025/07/13，2025/07/21，2025/07/24，2025/07/28，2025/08/01，2025/08/16，2025/09/26，2025/10/28，2025/11/10，2025/11/17，2025/12/23，2026/04/17，2026/05/25，2026/06/26,,日语,16,BV1nndLBnE6F，BV1iQBjBKE9h,动漫
211,Count On Me,,Bruno Mars,2025/03/27，2025/04/22，2025/04/28，2025/06/30，2026/03/06，2026/08/25,,英语,6,BV1EgP4zKE1D,
212,Fly Away,,F.I.R.飞儿乐团,2025/03/27，2025/04/15，2025/05/08，2025/06/10，2025/07/07，2025/08/04，2025/09/04，2025/10/01，2025/11/26，2026/01/10，2026/03/22，2026/06/20，2026/07/20,,华语,13,BV1pfjn63E6p，BV1pbVgznEsP，BV1rNZ3YHEFy，BV1o1STBBEJK,
213,Complicated,,Avril Lavigne,2025/03/27，2025/05/09，2025/05/29，2025/07/24，2025/09/04，2025/10/24，2025/11/19，2026/03/25，2026/04/09，2026/05/10，2026/06/10,,英语,11,BV17e5H68EVb，BV142QFBkEXy，BV11GypBUErS，BV1KLVSzYEbC，BV1PFZ3YdENc,
214,紫,,蔡健雅,2025/03/27,,华语,1,,
215,Stellar Stellar,,星街すいせい,2025/03/27，2025/05/06，2025/05/16，2025/06/10，2025/07/03，2025/07/13，2025/08/22，2025/10/05，2025/10/23，2025/11/10，2026/01/16，2026/02/02，2026/02/07，2026/03/31，2026/04/17，2026/04/29，2026/05/15，2026/05/19，2026/06/12，2026/08/07,,日语,20,BV1r55B67EtQ，BV1i8L26AEZG，BV1rEdLBDEFV，BV1yYMVz2E5E,
216,给我你的爱,,Tank,2025/03/28，2025/04/22，2025/05/20，2025/06/27，2025/09/12，2025/11/09，2025/11/14，2025/12/09，2026/01/31,,华语,9,BV1AzJhzdE3s,
217,Golden Hour,,JVKE,2025/03/28，2025/07/25，2025/07/26，2025/08/16，2025/09/05，2025/09/29，2025/10/31，2025/12/24，2026/01/16，2026/06/06，2026/07/09，2026/08/08,,英语,12,BV1M37Q6BE6E，BV1bwoRYJEXg，BV1NVahzoELQ,
218,年轮,,张碧晨,2025/03/28，2025/04/29，2025/06/09，2025/07/24，2025/08/01，2025/08/03，2025/08/16，2025/09/08，2025/09/12，2025/10/03，2025/10/30，2026/01/10，2026/03/01，2026/03/12，2026/04/01，2026/05/01，2026/06/10,,华语,17,BV1gEGSzqEtk，BV1fUD6BzEBW,
219,天黑黑,,孙燕姿,2025/03/28，2025/05/23，2025/06/13，2025/06/26，2025/07/11，2025/09/18，2025/11/03，2025/12/23，2025/12/26，2026/01/24，2026/06/03，2026/07/18,,华语,12,BV1PzBrBHEmL,
220,Celebrity,,IU,2025/03/28，2025/05/25，2026/03/08，2026/03/13,,韩语,4,BV11bKWzGEza,
221,Zombie,,The Cranberries,2025/03/28，2025/05/03，2025/07/24，2025/09/28，2025/10/31，2025/11/13，2026/01/14，2026/08/18,,英语,8,BV138GZzwE7G，BV1xUyXBiEeR,
222,小幸运,,田馥甄,2025/03/28，2025/06/07，2025/06/13，2025/06/23，2025/07/20，2025/10/24，2025/11/09，2026/01/09，2026/02/19，2026/05/10，2026/07/10，2026/07/15，2026/07/31,,华语,13,BV1cV5s6rEVv，BV14HKhzcET9,
223,修炼爱情,,林俊杰,2025/03/28,,华语,1,,
224,眉南边,,银临,2025/03/28，2025/05/05，2025/05/08，2025/05/15，2025/05/30，2025/06/13，2025/06/23，2025/07/10，2025/07/24，2025/08/04，2025/09/03，2025/09/21，2025/11/09，2025/11/26，2026/01/16，2026/01/29，2026/04/19，2026/07/27,,华语,18,BV1JEdfB6EZN，BV1ZtE2zsEfw,
225,我喜欢上你时的内心活动,,陈绮贞,2025/03/28，2025/04/04，2025/08/28，2025/09/18，2025/11/21，2025/12/04，2026/03/21，2026/06/27,,华语,8,BV1SsTT69ESD，BV19Lh2zmEUD，BV13hZoYwEet，BV161UjBiEza,
226,Enchanted,,Taylor Swift,2025/03/28，2025/05/03，2025/05/26，2025/11/09，2026/05/06，2026/06/10，2026/08/02,,英语,7,BV1ezGRztEYW，BV18Cj1zBEfP,
227,想你时风起,,单依纯,2025/03/28，2025/04/04，2025/04/22，2025/04/29，2025/05/10，2025/05/18，2025/06/02，2025/07/10，2025/08/19，2025/09/10，2025/09/15，2025/10/07，2025/10/26，2025/10/30，2025/11/07，2025/11/24，2025/12/05，2026/01/23，2026/03/09，2026/03/25，2026/06/20，2026/08/16,,华语,22,BV1GRPXzcE32，BV171egzwEks,
228,A.I.N.Y.,,G.E.M. 邓紫棋,2025/03/28，2025/05/09，2025/06/07，2025/07/31，2025/08/13，2025/08/21，2025/12/16，2026/01/19，2026/05/04，2026/07/31,,华语,10,BV13UVQzUEZY，BV14oqVBGEQf,
229,我好想你,,苏打绿,2025/03/28，2025/04/24，2025/06/02，2025/06/27，2025/09/21，2025/10/07，2025/11/13，2025/12/02，2026/08/01,,华语,9,BV1sG7SzgEvQ，BV1KUxdzEE7L，BV1CFJdzbErv,
230,无状态,,张悬,2025/03/28，2025/05/17，2025/06/13，2025/07/05，2025/09/15，2025/10/23,,华语,6,BV1sjMzzWEW2，BV1VhJNzKEcZ，BV18oZAYyEmJ,
231,致姗姗来迟的你,,阿肆/林宥嘉,2025/03/29，2025/05/08，2025/05/20，2025/05/26，2025/06/05，2025/06/22，2025/07/10，2025/07/11，2025/07/22，2025/08/07，2025/09/17，2025/09/24，2025/10/23，2025/11/01，2025/11/13，2026/07/16，2026/07/25，2026/08/25,,华语,18,BV1ZrZAYREtV，BV1CDT4zUEQV,
232,滥俗的歌,,汉堡黄,2025/03/29，2025/04/01，2025/04/12，2025/04/14，2025/04/17，2025/04/18，2025/04/20，2025/04/29，2025/05/08，2025/05/20，2025/05/25，2025/06/03，2025/06/08，2025/06/14，2025/06/20，2025/07/05，2025/07/08，2025/07/17，2025/07/28，2025/08/07，2025/08/19，2025/08/28，2025/09/03，2025/09/20，2025/10/03，2025/10/26，2025/12/08，2025/12/12，2026/01/28，2026/03/07，2026/03/28，2026/04/19，2026/05/15，2026/07/27,,华语,34,BV1e85B6TEwr，BV1JHdfBBEgk，BV1tzXLB4EDj，BV1r3NAzgErm，BV1crarzEEsn,
233,헤픈 우연,随意偶然,Heize,2025/03/29，2025/05/29，2025/06/17，2025/07/24，2025/08/16，2025/09/21，2025/10/30，2026/02/09,,韩语,8,BV18bWAzeEFa,
234,我怀念的,,孙燕姿,2025/03/29，2025/04/18，2025/04/24，2025/05/27，2025/06/20，2025/07/03，2025/07/18，2025/08/02，2025/08/24，2025/10/03，2025/10/25，2025/10/28，2025/11/03，2025/11/09，2025/12/23，2026/04/08，2026/04/24，2026/05/21，2026/06/10，2026/08/02,,华语,20,BV15uoEBEELW，BV1aPjfzkEww,
235,MORE,,K/DA/Madison Beer/(G)I-DLE ((여자)아이들)/刘柏辛Lexie,2025/03/29，2025/04/05，2025/05/30，2025/06/28，2025/09/17，2025/09/18，2025/11/07，2025/11/13，2025/12/02，2026/01/14，2026/01/24，2026/03/07，2026/03/15，2026/04/24，2026/06/06，2026/06/23，2026/08/05，2026/08/05，2026/08/19,,英语，韩语,19,BV1paoEBYEs3，BV1Xkw3zgEHg，BV1XWWNzyE2d,
236,The Show,,Lenka,2025/03/29，2025/04/25，2025/05/03，2025/06/23，2025/09/28，2025/11/28，2025/12/26，2026/06/28,,英语,8,BV1aGndz5Ewo，BV1hFUfBMEoe，BV1ZoBCB2ERE,
237,널 너무 모르고,Don't know you/太不懂你,Heize,2025/03/29，2025/08/22，2025/09/21，2025/10/20，2025/12/02，2026/02/09，2026/06/03,,韩语,7,BV1WFWAzWEug,
238,비도 오고 그래서,还下着雨才如此,Heize/申容财 (신용재),2025/03/29，2025/08/12，2025/10/20，2025/11/14，2025/12/02，2026/01/10，2026/02/09，2026/04/18，2026/06/20，2026/08/02,,韩语,10,BV1VGjb61EnZ，BV1KVWmzpEhZ,
239,It Will Rain,,Bruno Mars,2025/03/30，2025/07/13，2025/10/20，2026/08/16,,英语,4,BV1fbWmz3E5N,
240,Take Me to Church,,Hozier,2025/03/30，2025/06/17，2025/09/28，2025/10/20，2025/10/31，2026/01/16，2026/06/14，2026/06/17，2026/08/21,,英语,9,BV1U3Ju6sEkB，BV1SfNizjEvd，BV1GYyXB2Ez5,
241,When I Was Your Man,,Bruno Mars,2025/03/30，2025/04/14，2025/05/26，2025/06/15，2025/07/09，2025/10/25，2025/11/24，2025/12/30，2026/01/16，2026/03/25，2026/05/23，2026/07/17，2026/08/25,,英语,13,BV1a7GL6FE7h，BV1GPM8zrE7N，BV1VKUhB8EUR，BV1mpjQzjE5U,
242,Paparazzi,,Lady Gaga,2025/03/30，2025/05/22，2025/06/29，2025/09/30，2025/10/23，2026/01/19，2026/08/18,,英语,7,BV1EhNRzEEJE,
243,流沙,,陶喆,2025/03/30，2025/04/24，2025/05/15，2025/05/29，2025/09/21，2025/09/27，2025/10/24，2026/01/05，2026/02/09，2026/03/15，2026/05/01,,华语,11,BV1Q1w3zMEAZ，BV1a7E1zVEhr,
244,月光,,胡彦斌,2025/03/30，2025/05/10，2025/06/01，2025/06/10，2025/06/13，2025/07/21，2025/07/22，2025/08/03，2025/09/24，2025/10/05，2026/01/09，2026/03/07，2026/04/19，2026/05/23，2026/07/16,,华语,15,BV1urdfBRE5i，BV1jANPzvEDw,
245,123木头人,,黑Girl,2025/03/30，2025/04/27，2025/05/19，2025/05/31，2025/08/30，2025/09/02，2025/11/18，2026/04/22，2026/07/31,,华语,9,BV1G8obByELW，BV1J3y5B7EnS，BV1cJ7Kz1EMG,
246,爱丫爱丫,,BY2,2025/03/30，2025/04/04，2025/04/26，2025/05/06，2025/05/18，2025/06/10，2025/07/03，2025/07/10，2025/07/24，2025/08/16，2025/09/18，2025/10/03，2025/11/01，2026/02/14，2026/04/09，2026/07/09,,华语,16,BV1T1QFBVEZU，BV1jCZsBVEtd，BV1euRDY3ENr,
247,恶作剧,,王蓝茵,2025/03/30，2025/04/15，2025/05/09，2025/06/13，2025/06/27，2025/07/11，2025/08/29，2025/09/12，2025/11/27，2026/01/01，2026/01/25，2026/03/08，2026/04/27，2026/06/13，2026/07/28,,华语,15,BV1Cfo2BmED3，BV11fVSzAEHq,
248,一朵花,,MATZKA,2025/03/30,,华语,1,,
249,Extraordinary,,Clean Bandit/Sharna Bass,2025/03/30，2025/04/19，2025/06/23，2025/07/08，2025/09/21，2025/10/23，2025/11/14，2025/12/17，2026/02/07，2026/08/18,,英语,10,BV1oFFxzEEDp,
250,曹操,,林俊杰,2025/03/30，2025/06/19，2025/07/05,,华语,3,BV16LR6Y4EF8,
251,半糖主义,,S.H.E,2025/04/01，2025/04/11，2025/04/18，2025/04/29，2025/05/08，2025/07/22，2025/07/29，2025/08/04，2025/08/21，2025/09/06，2025/10/09，2025/12/12，2026/02/12，2026/04/16，2026/05/20，2026/06/20,,华语,16,BV1RndaBWEDB，BV19G5TztEGW,
252,Payphone,,Maroon 5/Wiz Khalifa,2025/04/01，2025/05/15，2025/06/09，2025/09/03，2025/09/24，2026/01/05,,英语,6,BV17LibBaEAF,
253,想你的365天,,李玟,2025/04/01，2025/06/19，2026/04/25，2026/05/01,,华语,4,BV1Wh3FzHEiy,
254,Rather Be,,Clean Bandit/Jess Glynne,2025/04/01，2025/06/23，2025/07/08，2025/09/30，2025/10/23，2026/02/07，2026/06/28，2026/08/18,,英语,8,BV1nuKtzkE7M,
255,I Really Want to Stay At Your House,,Rosa Walton/Hallie Coggins,2025/04/01，2025/04/28，2025/05/22，2025/06/08，2025/06/27，2025/07/08，2025/08/01，2025/09/03，2025/09/28，2025/10/16，2025/10/23，2025/10/31，2025/12/19，2025/12/31，2026/01/21，2026/02/25，2026/02/27，2026/03/01，2026/03/08，2026/03/13，2026/03/25，2026/04/01，2026/05/01，2026/05/07，2026/05/08，2026/05/23，2026/06/13，2026/08/21,,英语,28,BV1a7GL6FE1f，BV1nTR2BiEyK，BV1ocznBSE1q,
256,黄昏晓,,王心凌,2025/04/01，2025/04/17，2025/05/25，2025/07/17，2025/07/21，2025/09/14，2025/10/11，2025/12/02，2026/04/08，2026/05/01，2026/06/10，2026/06/20，2026/08/02，2026/08/21,,华语,14,BV1atjW6FEji，BV1ET4gzkEE4,
257,是日救星,,徐佳莹,2025/04/01，2025/05/10，2025/09/04，2025/09/10，2025/09/28，2025/11/26，2026/01/19，2026/05/10，2026/08/18,,华语,9,BV1Jh5H6aEGT，BV1iyaUzbE51,
258,失落沙洲,,徐佳莹,2025/04/01，2025/04/24，2025/05/12，2025/05/26，2025/06/23，2025/06/27，2025/07/20，2025/08/30，2025/09/15，2025/09/22，2025/10/07，2025/10/28，2025/11/26，2025/12/28，2026/02/08，2026/03/17，2026/05/05，2026/05/21，2026/06/25，2026/07/16，2026/08/23,,华语,21,BV1pmLh6iEsu，BV1mRvYBtECy,
259,搁浅,,周杰伦,2025/04/01，2025/10/17，2025/10/22，2025/10/25，2025/11/21，2025/12/11，2026/01/02，2026/01/05，2026/02/02，2026/02/09，2026/02/19，2026/03/25，2026/05/10，2026/05/21，2026/07/16,,华语,15,BV1HMLb6sEgU，BV17e5H68E9v，BV1QbqABDEAJ,
260,22,,Taylor Swift,2025/04/02，2025/05/12，2025/05/26，2025/08/16，2025/08/26，2025/10/05，2026/05/04，2026/08/25,,英语,8,BV14QvKzvEdc,
261,来自天堂的魔鬼,,G.E.M. 邓紫棋,2025/04/02，2025/04/18，2025/05/26，2025/09/21，2025/10/07，2026/01/15，2026/08/25,,华语,7,BV1gtWAzNEGE,
262,小手拉大手,,梁静茹,2025/04/02，2025/04/21，2025/05/19，2025/06/02，2025/07/03，2025/09/19，2025/10/16,,华语,7,BV1z95mzQEUi，BV1n3WzzQEE5,
263,不染,,毛不易,2025/04/02，2025/05/22，2025/08/22，2025/09/12，2026/04/20，2026/06/26，2026/07/19,,华语,7,BV1aJdUBFEBX，BV1gvpGztEps,
264,诀爱,,詹雯婷,2025/04/02，2025/05/27，2025/07/24，2026/01/01，2026/06/14,,华语,5,BV1tyJN6jEzQ，BV1w1jZzdEMn,
265,遇到,,方雅贤,2025/04/02，2025/05/04，2025/05/20，2025/06/23，2025/07/24，2025/09/12，2025/10/17，2025/12/09，2026/02/14，2026/03/25，2026/06/13，2026/07/28,,华语,12,BV1SLKhzNEdS,
266,我要我们在一起,,范晓萱,2025/04/02，2025/05/13，2025/05/29，2025/09/04，2025/09/21，2025/10/22，2026/01/01，2026/01/15，2026/05/05，2026/08/16,,华语,10,BV15LvXBdEwz，BV13zEcznEcV,
267,Lover,,Taylor Swift,2025/04/02，2025/04/12，2025/05/23，2025/06/08，2025/07/29，2025/08/13，2025/08/28，2025/09/28，2025/09/29，2025/11/09，2025/12/06，2025/12/24，2026/04/13，2026/05/04，2026/07/27,,英语,15,BV1iJQ8BkEkJ，BV1BbT9zmEbe，BV115dzYwEED,
268,Supernatural,,NewJeans,2025/04/02，2025/04/13，2025/05/10，2025/05/26，2025/06/02，2025/06/05，2025/06/17，2025/08/04，2025/09/10，2025/09/30，2025/10/16，2025/11/17，2025/12/06，2025/12/31，2026/04/26，2026/07/22,,日语,16,BV18qT4ztEam，BV1Uz5QzmE2k,
269,狐狸精,,胡玮琪/罗志祥,2025/04/02，2025/04/08，2025/05/04，2025/05/08，2025/07/31，2026/04/09,,华语,6,BV1U4D4BjE35，BV19y8CzTEj5,
270,梁山伯与茱丽叶,,卓文萱/曹格,2025/04/02，2025/04/19，2025/05/09，2025/05/20，2025/06/26，2025/07/15，2025/09/30，2025/12/05，2026/05/20,,华语,9,BV17LLb6SEJ9，BV1LYKfz4EUD，BV1Bp29BFEMn,
271,初恋,,回春丹乐队,2025/04/02，2025/04/03，2025/04/08，2025/05/26，2025/07/18，2025/08/16，2025/09/30，2025/11/26，2026/01/23，2026/02/18，2026/03/12，2026/06/10,,粤语,12,BV1pNuUz2EEC,
272,第一天,,孙燕姿,2025/04/03，2025/04/19，2025/06/16，2025/07/13，2025/07/18，2025/09/19，2025/10/01，2026/01/25，2026/02/14，2026/04/09，2026/06/20，2026/07/22，2026/08/08,,华语,13,BV1yQQFBuE1r，BV189uPzNEzM,
273,나는 아픈 건 딱 질색이니까,Fate/因为我无法忍受痛苦,(G)I-DLE,2025/04/03，2025/06/20，2025/09/19，2025/10/12，2026/03/09，2026/03/13，2026/03/17，2026/05/01，2026/06/18,,韩语,9,BV1ZnP9zGECv,
274,Mean,,Taylor Swift,2025/04/03，2025/05/03，2025/05/22，2025/09/10，2026/02/07,,英语,5,BV1xyGZzQEK6,
275,Bye Bye Bye,,BY2,2025/04/03，2025/05/17，2025/05/29，2025/06/16，2025/07/10，2025/08/24，2025/10/16，2025/11/26，2026/04/26,,华语,9,BV1NhUvBfEpm,
276,亲爱的，那不是爱情,,张韶涵,2025/04/03，2025/04/14，2025/04/24，2025/06/01，2025/07/06，2025/09/21，2025/11/03，2025/12/12，2025/12/26，2026/04/08，2026/07/20,,华语,11,BV15honYaEYY，BV18T7kz8EAB,
277,Cruel Summer,,Taylor Swift,2025/04/03，2025/04/15，2025/05/22，2025/05/29，2025/06/02，2025/06/07，2025/06/12，2025/06/21，2025/06/23，2025/07/08，2025/07/13，2025/07/21，2025/08/01，2025/08/03，2025/09/02，2025/09/19，2025/10/10，2025/11/12，2025/11/26，2025/12/06，2026/01/09，2026/01/29，2026/03/25，2026/04/24，2026/05/23，2026/06/15，2026/07/09，2026/07/22，2026/08/25,,英语,29,BV1qAoEBpEEZ，BV1Yj7DzxEm9，BV1fjcYzCEPz，BV1V37DzfEhn,
278,The Power of Love,,Gabrielle Aplin,2025/04/03，2025/04/27，2026/08/16,,英语,3,BV1BiJwzNEhh,
279,People Help the People,,Birdy,2025/04/03，2025/07/13，2025/10/17,,英语,3,BV1HBuJzhEgD,
280,追光者,,岑宁儿,2025/04/03，2025/04/24，2025/09/12，2026/01/10，2026/06/03,,华语,5,BV1bzYyzgEHM,
281,逆光,,孙燕姿,2025/04/04，2025/05/12，2025/05/18，2025/06/20，2025/07/05，2025/07/14，2025/12/23，2026/01/30，2026/04/09,,华语,9,BV1TkDWBzEWp，BV1zgKNzkEV1,
282,画心,,张靓颖,2025/04/04，2025/06/02，2025/06/29，2025/07/24，2025/07/26，2025/08/21，2025/11/09，2025/12/16,,华语,8,BV1sfqeBhEVS，BV1YY7SzREBq,
283,Uptown Funk,,Mark Ronson/Bruno Mars,2025/04/04，2026/01/29,,英语,2,,
284,克卜勒,,孙燕姿,2025/04/04，2025/07/11,,华语,2,BV1XsM9z5E9B,
285,海阔天空,,BEYOND,2025/04/04，2025/06/26，2026/03/13,,粤语,3,BV1W7KfzqEwh,
286,一直很安静,,阿桑,2025/04/04，2025/04/11，2025/05/18，2025/09/12，2025/10/12，2026/01/16,,华语,6,BV1jFp3zaE7u,
287,王妃,,萧敬腾,2025/04/04，2025/04/18，2025/06/06，2025/07/07，2025/08/04，2025/08/12，2025/09/17，2026/04/09,,华语,8,BV17rVyzgE62，BV1NWZZYdEUN,
288,思念是一种病,,张震岳/蔡健雅,2025/04/04，2025/09/02,,华语,2,,
289,不再联系,,夏天Alex,2025/04/04，2025/07/20，2025/12/05，2026/01/22，2026/07/28,,华语,5,BV1ufBZBkE5H,
290,开始懂了,,孙燕姿,2025/04/04，2025/07/13，2025/07/18，2025/11/03，2025/11/28，2026/08/16,,华语,6,BV1RpuUzPE1A，BV1mz1eBXE8L,
291,要抱抱,,王蓉,2025/04/04，2026/06/15,,华语,2,BV1WmJG6tEQf,
292,最熟悉的陌生人,,萧亚轩,2025/04/04，2026/04/20,,华语,2,BV1modkBzEfh,
293,有点甜,,汪苏泷/BY2,2025/04/05，2025/04/11，2025/04/19，2025/05/04，2025/05/09，2025/05/23，2025/05/30，2025/06/27，2025/08/16，2025/09/30，2026/02/14，2026/03/05，2026/04/02，2026/05/20,,华语,14,BV1vpYkzVEVW，BV1DdZsBPEuS,
294,你,,林依晨,2025/04/05，2025/04/19，2025/05/20，2025/07/11，2025/09/12，2025/12/09，2025/12/16，2026/02/27，2026/06/13,,华语,9,BV1xWJs6aEga，BV16NAXz6EZ7,
295,不想长大,,S.H.E,2025/04/06，2025/04/10，2025/06/20，2025/12/23，2026/04/09,,华语,5,BV1cJ3Az4EZq,
296,The Lazy Song,,Bruno Mars,2025/04/06，2025/04/17，2025/05/04，2025/05/24，2025/05/30，2025/09/19，2025/10/22，2025/11/13，2026/06/28,,英语,9,BV15iWVzzEDs，BV1QnVAzkE3H,
297,一眼万年,,S.H.E,2025/04/06，2025/04/25，2025/07/25，2025/08/28，2025/09/12，2026/02/20,,华语,6,BV1P3b9z2EZJ，BV1zkfGBEE1x,
298,DOA <Vocal: AIMEE BLACKSCHLEGER>,,澤野弘之/Aimee Blackschleger,2025/04/06，2025/04/19，2025/08/01,,英语,3,BV1pmh8zDEsy,动漫
299,FANCY,,TWICE,2025/04/06，2025/08/21，2025/09/30,,韩语,3,BV1jbnmzhEFK，BV1Y1YXzMEbB,
300,Call your name <Gv>,,澤野弘之/R!N/Gemie,2025/04/06，2025/04/19，2025/05/03，2025/08/01，2025/10/31，2025/12/15，2026/02/22，2026/02/23，2026/04/17，2026/07/31,,英语,10,BV1FndLBnEXN，BV1SuqVB5EoV,
301,爱上你,,BY2,2025/04/06，2025/05/23，2025/06/10，2025/10/03，2025/11/01,,华语,5,BV1oKjHz1Eir,
302,If I Die Young,,The Band Perry,2025/04/07，2025/05/09，2025/06/19，2025/07/22，2026/03/09,,英语,5,BV1CAVDz8EwC,
303,Teardrops On My Guitar,,Taylor Swift,2025/04/07，2025/05/19，2025/10/11，2025/12/06,,英语,4,BV1Nu4TzyExF,
304,Back To December,,Taylor Swift,2025/04/07，2025/04/24，2025/05/03，2025/05/23，2025/06/07，2025/06/12，2025/06/23，2025/06/29，2025/07/15，2025/07/25，2025/09/24，2025/10/18，2025/11/12，2025/11/24，2025/12/23，2026/01/29，2026/03/20，2026/04/22，2026/07/09，2026/08/23,,英语,20,BV1GbobBLEBY，BV1ugBMBAEFM，BV1TBCJB3EMp，BV1dscYzMEKG，BV1D8GdzWE7M,
305,Clarity,,Zedd/Foxes,2025/04/07，2025/05/19，2025/10/01，2025/10/31，2026/01/05，2026/03/25，2026/03/25，2026/08/02，2026/08/21,,英语,9,BV1XoHnznEsh,
306,靠近,,罗震环,2025/04/07，2025/04/17，2025/04/19，2025/04/27，2025/04/29，2025/05/20，2025/06/14，2025/07/23，2025/08/29，2025/10/01，2025/11/18，2026/01/03，2026/01/22，2026/02/14，2026/05/20，2026/08/08，2026/08/19，2026/08/25,,华语,18,BV1RukTBmEWQ，BV1cuLb69ETt,
307,靠近一点点,,Lara梁心颐,2025/04/07，2025/04/17，2025/05/08，2025/05/20，2025/05/30，2025/06/16，2025/08/29，2025/09/12，2025/10/09，2025/10/16，2025/11/18，2026/02/04，2026/02/14，2026/04/15，2026/06/13，2026/07/07，2026/07/28,,华语,17,BV1KHQJBhEDw，BV1BYyVBVELL,
308,太聪明,,陈绮贞,2025/04/08，2025/04/21，2025/04/26，2025/05/10，2025/05/13，2025/05/19，2025/05/30，2025/06/05，2025/06/13，2025/07/05，2025/07/08，2025/07/13，2025/07/15，2025/08/30，2025/09/11，2025/09/18，2025/09/24，2025/09/30，2025/10/30，2025/11/03，2025/11/09，2025/11/26，2025/12/09，2026/01/23，2026/03/13，2026/03/25，2026/04/08，2026/05/23，2026/06/20，2026/08/02,,华语,30,BV1MajW64EPT，BV1a7GL6FEYG，BV1aXvxB1EKh，BV1uNSgBeEKj，BV1YBVfzBEpm,
309,干物女,,洛天依/乐正绫,2025/04/08，2025/04/18，2025/04/19，2025/04/26，2025/05/04，2025/05/08，2025/05/19，2025/05/29，2025/06/07，2025/06/23，2025/07/05，2025/07/13，2025/08/21，2025/09/21，2025/10/25，2025/10/26，2025/11/19，2025/12/09，2026/01/24，2026/03/31，2026/04/02，2026/06/15，2026/07/27,,华语,23,BV1wgJG69EET，BV1BfsmzyE4u,
310,被动的观众,,戴佩妮,2025/04/08,,华语,1,BV1KmdUYhEJu,
311,可惜我是水瓶座,,杨千嬅,2025/04/08，2025/05/12，2025/08/22，2025/10/01，2025/10/17，2026/02/23，2026/03/06，2026/04/22，2026/06/10，2026/08/05,,粤语,10,BV1GbobBLEza，BV1cnWpzrEtD，BV1FSfzBbEpH,
312,身骑白马,,徐佳莹,2025/04/08，2025/04/13，2025/04/22，2025/05/01，2025/05/22，2025/06/08，2025/06/29，2025/08/30，2025/09/15，2025/10/10，2025/11/09，2025/12/05，2025/12/19，2025/12/26，2026/01/10，2026/01/19，2026/02/10，2026/03/24，2026/04/18，2026/06/06，2026/08/07，2026/08/23,,华语,22,BV1vj7D6LEGd，BV1nvkjBQE9e,
313,21 Guns,,Green Day,2025/04/08，2025/10/31,,英语,2,BV1Wvd4YFEz4,
314,稻香,,周杰伦,2025/04/10，2025/04/24，2025/05/13，2025/06/13，2025/09/03，2025/09/19，2025/10/13，2025/11/21，2026/03/04，2026/03/24,,华语,10,BV1QBUsBVEYs,
315,告白气球,,周杰伦,2025/04/10，2025/05/19，2025/06/27，2025/08/21，2025/08/29，2025/09/17，2025/10/17，2025/10/30，2026/03/01，2026/03/29,,华语,10,BV1dPPuzLEnD,
316,热气球,,黄淑惠,2025/04/11，2025/06/29，2025/08/01，2025/09/04，2025/09/21，2025/10/17，2025/11/09，2025/11/13，2025/12/04，2025/12/13，2026/03/04，2026/05/07，2026/06/20,,华语,13,BV1LLjH68Ejj，BV1Aw2LBcE8d,
317,改变自己,,王力宏,2025/04/11,,华语,1,,
318,发如雪,,周杰伦,2025/04/11，2025/05/18，2025/06/09，2025/07/07，2025/08/26，2025/09/03，2025/09/13，2025/10/17，2025/10/30，2025/11/21，2025/12/17，2026/04/19,,华语,12,BV1HLdfBkEWj，BV1fjqjBKECu，BV1isG5z1EF6,
319,secret base～君がくれたもの～,,茅野愛衣/戸松遥 (とまつ はるか)/早見沙織 (はやみ さおり),2025/04/11，2025/08/01,,日语,2,BV1JDoNYYE5V,动漫
320,暧昧,,杨丞琳,2025/04/11，2025/04/28，2025/05/26，2025/06/17，2025/07/15，2025/07/26，2025/08/13，2025/09/03，2025/09/12，2025/10/07，2025/11/09，2025/12/08，2026/01/05，2026/02/14，2026/05/23，2026/06/20，2026/07/18，2026/08/25,,华语,18,BV18EGL6bEST，BV1YwdXYmEsm,
321,知否知否,,胡夏/郁可唯,2025/04/11，2025/09/12,,华语,2,,
322,最后一页,,江语晨,2025/04/11，2025/05/25，2025/05/29，2025/06/28，2025/07/03，2025/08/13，2025/08/25，2025/09/11，2025/09/12，2025/09/28，2025/10/11，2025/10/30，2025/11/21，2026/01/29，2026/02/10，2026/03/09，2026/03/24，2026/04/19，2026/05/21，2026/06/15，2026/08/02,,华语,21,BV1SxowBaEyy，BV1TP7LzmEnU,
323,波斯猫,,S.H.E,2025/04/11,,华语,1,BV1YmGizgEFL,
324,唱得响亮,,安又琪,2025/04/11,,华语,1,,
325,Shape of My Heart,,Sting,2025/04/11，2025/05/03,,英语,2,BV1MeGdzDEbU,
326,为你写诗,,吴克群,2025/04/11，2025/05/18，2025/05/20,,华语,3,BV1NeJhzFEeY，BV1xkEQznE35,
327,不能说的秘密,,周杰伦,2025/04/11，2025/04/18，2025/04/25，2025/04/29，2025/05/30，2025/06/09，2025/06/13，2025/06/26，2025/07/05，2025/07/14，2025/08/21，2025/09/10，2025/10/09，2025/11/21，2026/01/22,,华语,15,BV1DCzcBJETG,
328,夜空中最亮的星,,逃跑计划,2025/04/11，2025/09/02,,华语,2,BV1V1GizrEjQ,
329,If You,,BIGBANG,2025/04/11，2025/05/18，2025/09/08，2025/12/05，2026/01/28，2026/04/19,,韩语,6,BV1pEocBEEML，BV1zYaZzZEYj,
330,够爱,,东城卫,2025/04/11，2025/08/04，2025/09/12，2025/09/12，2026/04/09,,华语,5,BV186tVz6EuE，BV1qQdQYsEtx,
331,All of Me,,John Legend,2025/04/11，2025/06/02，2025/06/12，2025/09/27，2025/11/09，2025/12/19，2026/01/01，2026/02/17，2026/07/09，2026/07/27，2026/08/21,,英语,11,BV1EvZ1BuEcQ,
332,如果的事,,张韶涵/范玮琪,2025/04/12，2025/07/14，2025/09/24，2025/09/28，2025/11/09，2026/04/24,,华语,6,BV1nCJ9zHEhj,
333,DNA,,BY2,2025/04/12，2025/04/28，2025/07/10，2025/09/07，2025/09/08,,华语,5,BV16iuKzsE7v,
334,Rude,,Magic!,2025/04/12,,英语,1,,
335,不药而愈,,郭静,2025/04/13，2025/05/26，2025/06/07，2025/06/21，2025/07/05，2025/08/21，2025/09/15，2025/10/23，2025/11/24，2025/12/23，2026/01/09，2026/02/08，2026/03/01，2026/03/09，2026/03/24，2026/04/17，2026/05/01，2026/05/21，2026/06/10，2026/06/25，2026/07/27，2026/08/23,,华语,22,BV1rEdLBDEHv，BV1jEBuB1EAY,
336,T.B.H (고민중독),烦恼中毒/贪食蛇,QWER,2025/04/13，2025/04/21，2025/04/22，2025/04/25，2025/04/26，2025/04/29，2025/05/08，2025/05/12，2025/05/22，2025/05/30，2025/06/06，2025/06/08，2025/06/28，2025/07/13，2025/08/12，2025/08/24，2025/09/07，2025/09/30，2025/10/05，2025/11/21，2025/12/17，2026/01/14，2026/01/23，2026/02/12，2026/03/31，2026/06/18，2026/07/17,,韩语,27,BV1gKuwz8E9Y，BV18t7nziEmf,游戏
337,あなたに出会わなければ~夏雪冬花~,夏雪冬花,Aimer,2025/04/13，2025/04/15，2025/04/27，2025/05/22，2025/05/29，2025/06/03，2025/06/13，2025/06/28，2025/08/22，2025/09/19，2025/10/12，2025/12/05，2025/12/09，2026/01/15，2026/01/24，2026/03/19，2026/05/01，2026/05/21，2026/06/15，2026/07/16,,日语,20,BV1uSLt6qEwz，BV1YBKmzWEb2,动漫
338,When You're Gone,,Avril Lavigne,2025/04/13，2025/04/18，2025/08/28，2026/01/16，2026/05/01,,英语,5,BV1SLRLBfEjm，BV1Wi5Rz7EEo,
339,半情歌,,元若蓝,2025/04/13，2025/07/13，2025/07/18，2025/08/02，2025/09/04，2025/09/12，2025/10/17，2025/11/28，2026/01/22，2026/02/23,,华语,10,BV1GBaQzcE39,
340,고양이(feat 아이유),CAT/猫,鲜于贞娥,2025/04/13，2025/05/23，2025/06/06，2025/08/28，2025/09/05，2025/12/06，2026/03/17,,韩语,7,BV1QywoziEyC,
341,comethru,,Jeremy Zucker,2025/04/14，2025/10/31，2026/08/11,,英语,3,BV1SjyQBBEtG,
342,Savage,,Bahari,2025/04/14，2025/09/06，2025/10/31，2025/11/13,,英语,4,BV1V8yXBUEfU，BV1ryYKzpEvD,
343,四人游,,方大同/薛凯琪,2025/04/14，2025/05/24，2025/06/15，2025/06/19，2025/07/21，2025/08/22，2025/09/20，2025/10/09，2025/10/28，2025/12/22，2026/06/20,,华语,11,BV1MajW64EZ1，BV18JjhzZEVj，BV1zzoJYTEka,
344,姐就是女王,,王莎莎,2025/04/15，2025/06/27,,华语,2,BV1PFGczxEpG,
345,沿海公路的出口,,S.H.E,2025/04/15，2025/05/13，2025/07/14，2025/09/18，2026/01/01，2026/01/09，2026/02/20，2026/04/18，2026/05/10，2026/07/16,,华语,10,BV1Eh5H6aEdz，BV1narMBZEG9，BV1z6fGBSE1m,
346,Talking to the Moon,,Bruno Mars,2025/04/15，2025/04/18，2025/05/12，2025/06/17，2025/09/03，2025/10/07，2025/11/24，2026/01/16，2026/03/25，2026/04/24，2026/05/23，2026/07/17，2026/08/21,,英语,13,BV1a7GL6FE1G，BV1b1NzzXEMp，BV1MRETzeETU,
347,遇见,,孙燕姿,2025/04/15，2025/04/25，2025/05/30，2025/06/17，2025/09/26，2025/10/03，2025/11/03，2025/12/23，2026/04/09,,华语,9,BV18yDtB9Eua，BV1WgnVz1EfK，BV1G2LnziE1H,
348,没有意外,,碳水化合潘,2025/04/15，2025/04/18，2025/04/20，2025/05/18，2025/05/20，2025/05/25，2025/06/28，2025/06/30，2025/08/24，2025/09/26，2026/01/09，2026/04/17,,华语,12,BV1rEdLBDEWK，BV1uAVLzCELY,
349,马步谣,,双笙 (陈元汐),2025/04/17，2025/05/26，2025/06/23，2025/09/29，2026/04/19,,华语,5,BV1EWdfBTET2，BV1BzKhzUEYG，BV1KFLczTECE,
350,My Days,,窦靖童,2025/04/17，2025/05/13，2025/06/13，2025/07/07，2025/09/30,,英语,5,BV1x1G5zwEL1,
351,真夜中のドア - Stay With Me,,松原みき,2025/04/17，2025/04/21，2025/05/08，2025/06/10，2025/06/28，2025/07/08，2025/08/22，2025/09/11，2025/10/25，2026/03/13，2026/04/18，2026/07/22,,日语,12,BV1kYdWBVEAN，BV1FdMgzNEUo,
352,空心,,光泽,2025/04/17，2025/04/18，2025/07/03，2025/10/17，2025/10/30，2026/01/09,,华语,6,BV1x23MzVEFJ，BV16iWhzaELz,
353,扉をあけて,打开心扉/魔法少女小樱,ANZA,2025/04/17，2025/06/01，2025/08/18，2026/03/06，2026/03/17,,日语,5,BV1t87rzREqq,动漫
354,安静了,,S.H.E,2025/04/17，2025/05/01，2025/05/26，2025/07/03，2025/07/27，2025/09/18，2025/10/17，2025/11/21，2026/01/12，2026/01/24，2026/02/19，2026/02/23，2026/03/24，2026/05/04，2026/07/07，2026/08/25,,华语,16,BV13E33zFES7，BV1Knf6BMELa,
355,麦当劳汉堡,,旺仔小Q,2025/04/17，2025/05/22,,粤语,2,BV1BMJJz7EM8,
356,My Cookie Can,,卫兰,2025/04/17，2025/04/29，2025/05/22，2025/05/25，2025/05/31，2025/08/29，2025/09/20，2025/10/09，2025/10/30，2025/12/11，2026/02/18，2026/05/20，2026/07/05，2026/07/31,,粤语,14,BV1LELb6mERb，BV1c5hRznES3,
357,Attention,,NewJeans,2025/04/17，2025/05/31，2025/06/03，2025/06/14，2025/09/10，2026/03/28,,韩语,6,BV132XyB5ENR，BV1ccHRzoEKY，BV1Q17gzVE5c,
358,爱的初体验,,张震岳,2025/04/18,,华语,1,BV1KWVyzXEEL,
359,我是一只鱼,,任贤齐,2025/04/18，2025/06/05，2025/08/22，2025/09/05，2025/10/10，2025/11/03,,华语,6,BV1ytebzxEKA，BV1ZzVyzrEC8,
360,遗失的美好,,张韶涵,2025/04/18，2025/10/01，2026/01/23,,华语,3,BV17WKozREh8,
361,空白格,,蔡健雅,2025/04/18,,华语,1,,
362,Monica,,张国荣,2025/04/18,,粤语,1,,
363,火柴天堂,,曾沛慈,2025/04/18，2025/05/29，2025/06/23，2025/09/21，2025/10/07，2026/01/10，2026/04/29,,华语,7,BV1cq6SBkEz4,
364,天使にふれたよ!,相遇天使,放課後ティータイム,2025/04/18，2025/05/18，2025/06/19，2025/07/15，2025/08/01，2025/09/17，2025/10/28，2025/11/13，2025/11/14，2026/02/10，2026/02/27，2026/08/02,,日语,12,BV1rwAXzkEr1，BV1UgF9zLEPz,动漫
365,Last Christmas,,Taylor Swift,2025/04/19，2025/05/19，2025/07/06，2025/10/18，2025/11/13，2025/11/24，2025/12/16,,英语,7,BV1cRW8zhEjd，BV1whUhBVEE4,
366,我们的爱,,F.I.R.飞儿乐团,2025/04/19，2025/07/14，2025/09/12，2025/10/03，2025/10/30，2026/01/10，2026/03/22，2026/04/24，2026/05/25，2026/08/11，2026/08/25,,华语,11,BV1bAunz5EVY,
367,Lovefool,,The Cardigans,2025/04/19，2025/06/17，2025/08/28,,英语,3,BV13nh2z5ErP，BV1C3NqzMEmt,
368,下一站天后,,Twins,2025/04/19，2025/04/25，2025/05/22，2025/07/03，2025/07/11，2025/07/26，2025/09/08，2025/10/03，2025/12/02，2026/01/25，2026/06/06,,粤语,11,BV1pW7Q68Epu，BV19FzxBdEQb,
369,Skinny Love,,Birdy,2025/04/19，2025/05/30，2025/07/23，2025/08/23，2025/09/11，2025/12/02，2026/01/26，2026/06/28，2026/08/07,,英语,9,BV1LZziBoEHB,
370,Love Story,,Taylor Swift,2025/04/20，2025/04/27，2025/05/05，2025/05/09，2025/05/18，2025/06/07，2025/06/13，2025/06/21，2025/07/05，2025/07/15，2025/07/25，2025/08/08，2025/08/26，2025/08/28，2025/09/14，2025/09/30，2025/10/03，2025/10/24，2025/10/31，2025/11/09，2025/11/26，2025/12/05，2025/12/06，2026/01/01，2026/01/29，2026/03/01，2026/04/09，2026/05/20，2026/07/27,,英语,29,BV1i7Lb6jEhg，BV1NDerzFEoM,
371,Pretty Girl,,Clairo,2025/04/20，2025/12/23,,英语,2,BV1RTB2BmEyW,
372,Speak Now,,Taylor Swift,2025/04/20，2025/05/15，2025/06/23，2025/09/21，2026/07/27,,英语,5,BV1waEnzoEki,
373,ちゅ、多様性。,吻的多样性,Ano,2025/04/20，2026/02/02,,日语,2,BV1jkEuznE5L,动漫
374,抛物线,,蔡健雅,2025/04/21，2025/09/15，2025/10/11，2026/01/05，2026/06/03，2026/07/26,,华语,6,BV1YK796SEV2，BV1ewpuzpExm,
375,如果这就是爱情,,张靓颖,2025/04/21，2025/05/23，2025/06/29，2025/07/26，2025/09/28，2025/12/02，2025/12/17，2026/05/06,,华语,8,BV1GhqjBoEMY,
376,没那么简单,,黄小琥,2025/04/21，2025/05/19，2025/07/25，2025/08/07，2025/09/15，2025/09/29，2026/01/05，2026/02/14，2026/04/09，2026/06/20，2026/08/23,,华语,11,BV1gMpuzEEpr,
377,Let It Go,,Idina Menzel,2025/04/22，2025/04/29，2025/05/03，2025/05/03，2025/06/03，2025/09/02，2025/10/10，2025/10/20，2025/10/31，2026/02/07，2026/03/13，2026/08/11,,英语,12,BV1QwVBzkEpW,
378,Mine,,Taylor Swift,2025/04/24，2025/11/09,,英语,2,,
379,小酒窝,,林俊杰/蔡卓妍,2025/04/24，2025/05/12，2025/12/11，2026/01/24，2026/03/14,,华语,5,BV1WdLzzGEtB,
380,我不配,,周杰伦,2025/04/24,,华语,1,,
381,后来,,刘若英,2025/04/24，2025/09/22，2026/03/29，2026/06/10,,华语,4,BV1g6XSB9EMz，BV1znnwzuE87，BV1jPMszKEDp,
382,时间煮雨,,郁可唯,2025/04/24，2025/05/25，2025/12/02，2025/12/31，2026/04/24，2026/06/03,,华语,6,BV1NH796zE4Y，BV1waoEBYEZa，BV1L5jGzJEY5,
383,在加纳共和国离婚,,菲道尔/Dior大颖,2025/04/24，2025/11/09,,华语,2,,
384,年少有为,,李荣浩,2025/04/24,,华语,1,,
385,买买买,,BY2,2025/04/25,,华语,1,,
386,Say U Love Me,,南拳妈妈/JZN,2025/04/25，2025/05/15，2025/09/12，2025/09/30，2025/10/16，2025/11/13,,华语,6,BV1MLp3zHEmo,
387,特务J,,蔡依林,2025/04/25，2025/05/08，2025/05/12，2025/08/26，2025/09/04，2025/09/30,,华语,6,BV1BNekzUEnz,
388,听海,,张惠妹,2025/04/25，2025/09/08，2025/09/15，2025/12/30，2026/03/31，2026/04/24，2026/06/06，2026/06/14,,华语,8,BV1zzoEBZEQn，BV1aEpBzPEEq，BV1AMLHzHEA7,
389,Hype Boy,,NewJeans,2025/04/25，2026/07/22,,韩语,2,BV1HYgy6REZM,
390,会呼吸的痛,,梁静茹,2025/04/25，2025/06/23，2025/12/05，2026/02/14，2026/04/09，2026/04/24,,华语,6,BV1BroEB4E98，BV1M72EB2EvZ,
391,匆匆那年,,王菲,2025/04/25，2025/06/23，2025/07/13，2025/09/10,,华语,4,BV1bD3jzkEhN,
392,温柔,,五月天,2025/04/25,,华语,1,,
393,Stronger (What Doesn't Kill You),,Kelly Clarkson,2025/04/25,,英语,1,,
394,如果你也听说,,张惠妹,2025/04/25，2025/06/19，2025/06/23，2025/08/12，2025/10/09，2025/11/03，2025/12/30，2026/01/09，2026/04/01，2026/05/23，2026/07/31，2026/08/25,,华语,12,BV1ArG66DEsf，BV1r9NZzFErx，BV1gLtdzZEHp,
395,专属天使,,Tank,2025/04/25，2025/05/18，2026/04/20,,华语,3,BV13JdUBFEB1，BV1xHJVz5EN6,
396,宁夏,,梁静茹,2025/04/25，2025/07/23，2025/09/19，2026/07/22,,华语,4,BV1pagy6xEgX,
397,说谎,,林宥嘉,2025/04/25，2025/06/23，2025/10/09，2026/01/22，2026/03/09,,华语,5,BV1WbKhzxEhK,
398,阳光宅男,,周杰伦,2025/04/26，2025/05/02，2025/07/23，2025/09/19，2025/11/21，2026/02/02,,华语,6,BV1LzU7B8EJn,
399,花海,,周杰伦,2025/04/27，2025/06/02，2025/06/09，2025/07/09，2025/07/14，2025/08/26，2025/11/21，2025/12/17，2026/01/09，2026/04/09,,华语,10,BV1rkLBzAEhH,
400,Nothing's Gonna Change My Love For You,,方大同,2025/04/27，2025/05/04，2025/05/26，2025/06/08，2025/08/28，2025/10/18，2025/11/18，2025/12/24，2026/01/29，2026/02/27，2026/04/09，2026/04/20,,英语,12,BV1aJdUBFE8M，BV196BQBhEf1,
401,As Long As You Love Me,,Backstreet Boys,2025/04/27，2025/07/11，2025/09/03,,英语,3,BV15Bu3zbEcP,
402,The Day You Went Away,,M2M,2025/04/27，2025/05/29，2025/06/17，2025/07/11，2025/08/03，2025/09/22，2026/04/09，2026/06/23,,英语,8,BV162h5zKEMs，BV1Jd7VzPEBH,
403,如果爱忘了,,戚薇,2025/04/27，2025/07/13，2025/09/12，2025/10/09，2026/01/22，2026/02/02,,华语,6,BV1K9zcBCE5z,
404,오늘밤은 어둠이 무서워요,Tonight I'm Afraid of the Dark,10CM,2025/04/27，2025/05/20，2025/06/08，2025/08/18，2025/09/11，2025/11/03，2026/07/09,,韩语,7,BV1xL1kBGEXu,
405,五月天,,S.H.E,2025/04/28，2025/05/06，2025/07/27，2025/09/17，2025/10/16，2025/11/09，2026/02/12，2026/07/10，2026/07/15,,华语,9,BV1BMcBzsEnM,
406,只对你有感觉,,飞轮海/田馥甄,2025/04/28，2025/11/18，2026/02/14，2026/04/09，2026/05/16，2026/06/14，2026/08/02,,华语,7,BV1M3Ju6xEZ6，BV125yVBxER9，BV1zsL56jEVx,
407,Clean,,Taylor Swift,2025/04/28，2025/05/12，2025/05/23，2025/07/20，2025/10/18，2026/01/19，2026/07/27,,英语,7,BV12579zWEyS,
408,超喜欢你,,飞轮海,2025/04/28,,华语,1,,
409,我看着你的时候,,李荣浩,2025/04/29，2025/05/10,,华语,2,BV1P8GSzFEa7,
410,Love Yourself,,Justin Bieber,2025/04/29，2025/05/03，2026/04/20,,英语,3,BV1UodkBzE3o，BV1UQGRzJE5b,
411,可爱女人,,周杰伦,2025/05/01，2025/05/12,,华语,2,BV12dEjz9Etf,
412,Make You Feel My Love,,Adele,2025/05/01，2025/08/12，2025/08/26，2025/11/24，2026/06/20,,英语,5,BV1PkjW6SETh，BV1S6GzzrExR,
413,放肆爱,,于贞,2025/05/02，2025/05/15，2025/06/14，2026/02/19，2026/04/26,,华语,5,BV1cvEnzREJb,
414,Happy,,Pharrell Williams,2025/05/03,,英语,1,BV116Gdz2ELk,
415,Almost Lover,,A Fine Frenzy,2025/05/03，2025/08/28，2025/09/11，2025/10/20，2025/12/09，2026/08/16,,英语,6,BV1buhSzEER7，BV19ZmMBaESn,
416,Who Says,,Selena Gomez & The Scene,2025/05/03，2025/07/18，2025/08/02，2025/10/16，2026/05/01,,英语,5,BV1FpuRzbECp,
417,Sugar,,Maroon 5,2025/05/03，2025/06/13，2025/09/08，2026/04/25,,英语,4,BV12ModBCE8W，BV1tCRhYjEgs,
418,Chandelier,,Sia,2025/05/03，2025/07/13，2025/10/23，2026/06/23,,英语,4,BV1gTuwzfEvi,
419,Trouble Is a Friend,,Lenka,2025/05/03,,英语,1,BV1h2GRzXEUQ,
420,Lemon Tree,,Fool's Garden,2025/05/03,,英语,1,BV1aCGRzREQd,
421,Creep,,Radiohead,2025/05/03，2025/10/31，2026/04/14,,英语,3,BV1hiyXByExY，BV1sCGZzpEZj,
422,bad guy,,Billie Eilish,2025/05/03，2025/10/31，2025/12/16,,英语,3,BV1dgy9BnEKm,
423,Gee,,少女时代,2025/05/08，2025/05/09,,韩语,2,BV1awVSzGEYr,
424,Lydia,,F.I.R.飞儿乐团,2025/05/08，2025/06/16，2025/06/21，2025/07/05，2025/07/14，2025/09/12，2025/11/26，2026/04/20，2026/05/23,,华语,9,BV1P6G66HETG，BV1GJdUBFEgM，BV1oUSuB5EpY,
425,비가 오는 날엔,下雨的日子/On Rainy Days,Heize,2025/05/08，2025/10/30,,韩语,2,,
426,好运来,,祖海,2025/05/09,,华语,1,BV1ps55zYEGz,
427,睫毛弯弯,,王心凌,2025/05/09，2025/05/25,,华语,2,BV1CYKWzzEx7,
428,YMCA,,Village People,2025/05/09，2026/01/19,,英语,2,,
429,爱的城堡,,卓文萱,2025/05/10，2025/06/20，2025/06/24，2025/07/07，2025/09/30，2026/05/20，2026/06/12,,华语,7,BV1B5Lb6EEP5，BV12gVfzoEr1，BV1vJM9zmE58,
430,The Rose,,手嶌葵,2025/05/10，2025/05/13，2025/06/22，2025/07/05，2025/12/04,,英语,5,BV1ZgKxzAEDk,
431,To Be Loved,,Adele,2025/05/10，2025/06/10，2025/08/03，2025/09/05，2026/04/29，2026/08/07,,英语,6,BV1YTYuzLEjW,
432,跳楼机,,LBI利比,2025/05/12，2025/06/27，2025/07/11，2025/07/11，2025/07/13，2025/08/08，2025/09/06，2026/04/14,,华语,8,BV1hQuPziEjH，BV1UUKmz2EjB,
433,直到你降临,,阿肆,2025/05/12，2025/05/31，2025/06/05，2025/06/15，2025/06/21，2025/06/27，2025/07/23，2025/08/24，2025/09/22，2025/12/19，2026/03/04，2026/06/03，2026/07/26,,华语,13,BV1thPizkEzb,
434,Square,,白艺潾,2025/05/12，2025/08/01，2025/09/28,,英语,3,BV1nznZzeEgo,
435,一个人想着一个人,,曾沛慈,2025/05/12，2025/05/22，2025/05/25，2025/07/20，2025/09/12，2026/01/15，2026/01/24，2026/01/30，2026/04/08，2026/05/04，2026/05/23,,华语,11,BV1VTRBBeEYs，BV12U6zBWEfw,
436,Apologize,,Timbaland/OneRepublic,2025/05/15，2025/10/31，2026/04/09,,英语,3,BV1FADbBrErN，BV1Rgy9BnEGr，BV1aRNSz4EFN,
437,Baby,,Justin Bieber/Ludacris,2025/05/15，2025/09/03，2025/09/13，2026/04/20,,英语,4,BV1TXd6BvEHP，BV1FBEpzhEoM,
438,失恋无罪,,A-Lin,2025/05/15，2025/06/13，2025/06/23，2025/07/18，2025/08/02，2025/09/04，2025/09/15，2025/10/03，2025/10/28，2025/11/09，2025/11/14，2025/12/05，2026/02/02，2026/05/04,,华语,14,BV1LXE1zJEVV,
439,奇妙能力歌,,陈粒,2025/05/17，2025/06/05，2025/07/07，2025/12/16,,华语,4,BV1KyT4zXELa,
440,宝贝,,张悬,2025/05/17，2025/05/31，2025/06/15，2025/07/23，2025/09/11，2026/01/01，2026/02/10，2026/02/22，2026/03/12，2026/04/05，2026/05/03，2026/05/24，2026/07/03，2026/08/07，2026/08/23,,华语,15,BV1J67NzGEDg，BV173fNB4EZX，BV137SXBxEPC,
441,欧若拉,,张韶涵,2025/05/18，2025/06/27，2025/07/10，2026/03/09，2026/04/09，2026/06/10,,华语,6,BV14JJVz1EKo,
442,Head Above Water,,Avril Lavigne,2025/05/18,,英语,1,BV1tMNXzxEwY,
443,无与伦比的美丽,,苏打绿,2025/05/18，2025/06/13，2025/07/26,,华语,3,BV1qdJGzwECS,
444,偏偏喜欢你,,陈百强,2025/05/18，2025/09/03，2026/03/04,,粤语,3,BV1aTJVz9Etf,
445,人质,,张惠妹,2025/05/18，2025/11/28，2026/04/01,,华语,3,BV18u9EBqE8e，BV1rSJGzKE5z,
446,潜伏期,,孙盛希,2025/05/18，2025/06/07，2025/06/10，2025/06/12，2025/06/13，2025/06/17，2025/06/23，2025/07/08，2025/07/13，2025/07/20，2025/07/31，2025/09/17，2025/09/26，2025/10/07，2025/11/13，2025/12/17，2026/01/02，2026/03/17，2026/04/29，2026/05/10，2026/07/09，2026/07/31，2026/08/11，2026/08/25,,华语,24,BV1PP5s6mE97，BV1vgxozAEPC,
447,Lemon,,米津玄師,2025/05/18，2026/02/25,,日语,2,BV1HENXzUEiK,
448,Mistletoe,,Justin Bieber,2025/05/19，2025/12/16，2025/12/24，2026/08/16,,英语,4,BV1gmBQBdEsW,
449,我期待,,张雨生,2025/05/19，2025/07/13，2025/08/21，2025/12/17，2026/05/23，2026/08/11,,华语,6,BV1AquYzzEDY,
450,Just the Way You Are,,Bruno Mars,2025/05/19,,英语,1,BV1EdEQzrEyw,
451,Scarborough Fair,斯卡布罗集市,Sarah Brightman,2025/05/19，2025/07/13，2025/10/30，2025/10/31，2025/12/24，2026/01/09，2026/04/09，2026/05/07，2026/07/31,,英语,9,BV1cRB1BoEnG,
452,珠玉,,单依纯,2025/05/22，2025/05/31，2025/06/07，2025/06/10，2025/08/02，2025/10/07，2025/12/06，2026/03/22，2026/05/01，2026/08/16,,华语,10,BV1famFB7EmL，BV19JJHzmEUB，BV1En7PzTEo3,
453,Wildest Dreams,,Taylor Swift,2025/05/22，2025/06/17，2025/06/23，2025/07/06，2025/07/15，2025/09/10，2025/10/18，2025/11/13，2026/05/04，2026/07/09,,英语,10,BV11ZJpz6EBr,
454,不想懂得,,张韶涵,2025/05/22，2025/09/02，2025/09/12，2025/12/05，2026/04/09，2026/05/10,,华语,6,BV1NK5s6jEN9，BV1bgAMzbEEW,
455,衝撃,,安藤裕子,2025/05/22，2025/06/13,,日语,2,BV1H6JJzxES5，BV1CJMzzHEMy,动漫
456,Sparks Fly,,Taylor Swift,2025/05/22，2025/07/21，2026/04/14，2026/06/19,,英语,4,BV1ogQGBREtD，BV1bCgLzvEbT，BV148JJzAE88,
457,Dear John,,Taylor Swift,2025/05/22，2026/07/30,,英语,2,BV1rFJJzXEBq,
458,たばこ,烟草,コレサワ,2025/05/22，2025/05/25，2025/05/31，2025/06/03，2025/06/10，2025/06/13，2025/06/23，2025/07/23，2025/07/24，2025/07/27，2025/08/22，2025/09/06，2025/10/28，2025/10/30，2025/11/10，2025/11/19，2026/01/05，2026/02/02，2026/03/17，2026/05/10，2026/06/14，2026/06/15，2026/07/31,,日语,23,BV1sK5s6jE8Y，BV1RDMVzNEXV,
459,左手指月,,萨顶顶,2025/05/22，2025/09/12，2025/10/03，2025/10/11，2026/01/15，2026/04/29，2026/06/18,,华语,7,BV1JQkwByEBf,
460,존재만으로,Your Existence,Wonstein,2025/05/22，2025/06/17，2025/07/21，2025/08/16，2025/10/16，2025/12/02，2026/04/22，2026/06/23，2026/07/05,,韩语,9,BV138obByE21,
461,记得,,张惠妹,2025/05/23，2025/05/29，2025/09/02，2025/09/17，2025/09/26，2025/10/09，2025/10/24，2026/04/29，2026/05/23，2026/07/07，2026/08/25,,华语,11,BV1D7GL6FE8o，BV1ULsWzoEEy，BV1qCjJzkEGz,
462,Crazier,,Taylor Swift,2025/05/23,,英语,1,BV1ihjpzEEWS,
463,Yoü And I,,Lady Gaga,2025/05/23，2025/07/10，2026/01/19,,英语,3,BV1ofuNzSEmK,
464,全世界的人都知道,,王俞匀,2025/05/23，2025/06/26，2025/07/21，2025/08/12，2025/09/10，2025/09/19，2025/11/01，2025/12/09，2025/12/13，2026/02/14，2026/04/24，2026/06/16,,华语,12,BV1Bjo7B9E31，BV1K1yXBBEQ6,
465,新不了情,,万芳,2025/05/23，2025/09/21，2025/10/10,,华语,3,BV1D2JRzMEhk,
466,A Thousand Years,,Christina Perri,2025/05/24，2025/07/13，2025/08/23，2025/09/29，2025/12/24，2025/12/30，2026/01/28，2026/04/08，2026/08/16,,英语,9,BV1AfiABTEx3,
467,我愛你-上海蟹-,,カニ研究会,2025/05/25，2025/09/26,,日语,2,BV1EKjGzRE5R,
468,恋爱ing,,五月天,2025/05/25，2025/06/26，2025/09/13,,华语,3,BV15LjGzUEf3,
469,学猫叫,,小潘潘/小峰峰,2025/05/25,,华语,1,BV1CZj3zcEhL,
470,Cups (Pitch Perfect’s “When I’m Gone”),,Anna Kendrick,2025/05/26，2025/07/03，2025/09/15,,英语,3,BV1nF33zGE8P,
471,爱错,,王力宏,2025/05/27，2025/05/29，2025/05/30，2025/05/31，2025/06/02，2025/06/03，2025/06/06，2025/06/08，2025/06/13，2025/06/13，2025/06/26，2025/07/03，2025/07/11，2025/07/22，2025/08/21，2025/09/10，2025/09/26，2025/10/03，2025/10/11，2025/10/26，2025/11/07，2025/12/07，2025/12/23，2026/01/09，2026/01/24，2026/02/09，2026/02/25，2026/03/13，2026/03/21，2026/04/18，2026/05/04，2026/05/23，2026/06/14，2026/06/19，2026/07/16，2026/08/23,,华语,36,BV1ZcdWBNE5r，BV1oQBjBKExX，BV1e5GL6wEx6,
472,向日葵盛开的夏天,,F.I.R.飞儿乐团,2025/05/29，2025/09/19，2025/11/26,,华语,3,BV1Ns7GziETH,
473,Million Reasons,,Lady Gaga,2025/05/30，2025/08/21，2026/08/18,,英语,3,BV1CN7pzFEVF,
474,Like I'm Gonna Lose You,,Meghan Trainor/John Legend,2025/05/30，2025/08/23，2025/10/11，2026/08/16,,英语,4,BV17P7xztEAZ,
475,FourFiveSeconds,,Kanye West/Paul McCartney/Rihanna,2025/05/30,,英语,1,BV1MF7PzDESp,
476,Toxic,,Britney Spears,2025/05/30，2025/07/13，2025/10/31，2026/03/05，2026/08/08,,英语,5,BV1xm1LBvE6P,
477,Stay,,Rihanna/Mikky Ekko,2025/05/30，2025/09/03，2025/09/11，2025/09/29，2025/11/09，2026/01/01，2026/04/20,,英语,7,BV1XJdUBFEhy，BV1NBnzzpE7i,
478,彩虹,,周杰伦,2025/05/30，2025/08/13，2025/08/26，2025/08/26，2025/09/20，2025/09/26，2025/11/21，2026/04/09,,华语,8,BV1SzDWBrEuy，BV1akvKzrEM3,
479,瘦子,,丁世光,2025/05/30，2025/05/31，2025/05/31，2025/06/02，2025/06/03，2025/06/05，2025/06/19，2025/06/26，2025/07/03，2025/07/14，2025/08/02，2025/08/24，2025/09/03，2025/09/18，2025/10/07，2025/11/19，2025/12/11，2026/01/10，2026/01/22，2026/03/25，2026/06/28，2026/08/03，2026/08/23,,华语,23,BV1h4yABqET3,
480,Thinking Out Loud,,Ed Sheeran,2025/05/31，2025/06/02，2025/06/23，2025/09/15，2025/09/27，2025/10/17，2026/08/16,,英语,7,BV1TA7PzUEw8,
481,巴啦啦小魔仙,,A2A,2025/05/31,,华语,1,BV1Ey7NzzEcC,
482,月亮船,,王英姿,2025/05/31，2025/12/09,,华语,2,BV1qm7NzqEAT,
483,죽을 만큼 아파서,Sick Enough to Die,MC Mong,2025/06/01，2025/11/19,,韩语,2,BV16WypB3EX6,
484,Girlfriend,,Avril Lavigne,2025/06/01,,英语,1,BV1fr7Uz8Eoz,游戏
485,Sk8er Boi,,Avril Lavigne,2025/06/01，2025/11/09，2025/11/28，2026/02/17,,英语,4,BV1zYZ1B6EL6,游戏
486,我的主题曲,,江语晨,2025/06/01，2025/06/16，2025/07/21,,华语,3,BV11Z7kzsES2,
487,无限速,,本兮/阿悄,2025/06/01，2025/09/04，2026/03/01,,华语,3,BV1LTPuz5EKL,游戏
488,Butterfly,,和田光司,2025/06/01，2025/09/03，2025/11/09,,日语,3,,动漫
489,奇迹再现,,毛华锋,2025/06/01,,华语,1,BV1ny7rzLE4i,
490,鲁冰花,,曾淑勤,2025/06/01,,华语,1,,
491,阳光男孩阳光女孩,,T.G.4,2025/06/01,,华语,1,,
492,别看我只是一只羊,,杨沛宜,2025/06/01,,华语,1,,
493,听妈妈的话,,周杰伦,2025/06/01，2026/04/01,,华语,2,BV1Du9EBqE5T，BV1cz7Dz6EQU,
494,孤勇者,,陈奕迅,2025/06/01,,华语,1,BV1r37mzwE3A,
495,猪猪侠,,陈洁丽,2025/06/01，2026/01/23，2026/02/02，2026/02/23，2026/03/05，2026/03/17，2026/04/24，2026/05/16,,华语,8,BV1w2fzBhEHL，BV1VuzuB1EQf，BV1fsL56jEsC,
496,Innocence,,Avril Lavigne,2025/06/02，2025/07/03，2025/10/09，2026/01/16，2026/03/06，2026/03/14，2026/04/20，2026/07/09,,英语,8,BV162drBtE6U，BV1W97Sz3E5m,
497,The Scientist,,Coldplay,2025/06/02,,英语,1,BV1YY7SzREB6,
498,隐形的翅膀,,张韶涵,2025/06/02，2025/07/07，2025/09/03,,华语,3,BV1zp7SzaEq7,
499,勇气,,梁静茹,2025/06/02,,华语,1,BV1jV7XzKEk1,
500,BB88,,方大同,2025/06/02，2025/06/07，2025/06/12，2025/06/28，2025/08/13，2025/09/11，2025/09/30，2025/11/27,,华语,8,BV1Lj7XzPEsE,
501,有你的快乐,,王若琳,2025/06/02，2025/10/20，2025/11/01，2026/03/05，2026/04/14，2026/08/23,,华语,6,BV1m2Q3B3EeU，BV1WnWmzmENc,
502,达尔文,,蔡健雅,2025/06/02，2025/11/09,,华语,2,BV16xwozUELq,
503,LEFT RIGHT,,XG,2025/06/03，2025/09/20，2025/09/21，2025/09/24，2025/09/29，2025/10/10，2026/02/10,,英语,7,BV18bJdzzEvN,
504,血腥爱情故事,,张惠妹,2025/06/06，2025/07/03，2025/10/30，2025/11/07，2025/12/04，2026/01/28,,华语,6,BV1UyyaBmEkz,
505,让我们荡起双桨,,,2025/06/06,,华语,1,BV15gTjzKEAJ,
506,gold rush,,Taylor Swift,2025/06/07，2025/10/18,,英语,2,BV1FaT2zYEEQ,
507,Die with a smile,,Lady Gaga/Bruno Mars,2025/06/07，2025/11/24，2026/08/18,,英语,3,BV1joT1z4E8u,
508,Super Shy,,NewJeans,2025/06/08，2025/06/13，2025/06/16，2025/06/28，2025/07/18，2025/07/29，2025/08/18，2025/09/03，2025/09/11，2025/09/30，2025/10/05，2025/10/30，2025/11/17，2025/12/24，2026/02/02，2026/03/25,,韩语,16,BV1ArTRzbEkx,
509,说好的幸福呢,,周杰伦,2025/06/09，2025/08/26，2025/09/17，2025/10/11，2026/02/12，2026/03/05,,华语,6,BV1EMcBzxEwJ,
510,一路向北,,周杰伦,2025/06/09，2025/09/26，2025/10/17，2025/10/25，2026/05/01，2026/08/02,,华语,6,BV1mzgozEEKv,
511,龙卷风,,周杰伦,2025/06/09，2025/09/21，2026/04/20,,华语,3,BV1aJdUBFEHK，BV1ykgozjEdD,
512,Wings,,Little Mix,2025/06/12，2025/10/31,,英语,2,BV1grMAzhEPw,
513,鏡面の波,,YURiKA,2025/06/12，2025/07/13，2025/07/18，2025/09/28，2025/10/20，2026/01/19，2026/04/17，2026/06/15,,日语,8,BV1uojP6BEHc，BV1rEdLBDEsD，BV1ySRJYkEK1,动漫
514,后会无期,,G.E.M. 邓紫棋,2025/06/12，2025/06/27，2025/07/07，2026/01/01，2026/01/15,,华语,5,BV1JWMNzDEdH,
515,这叫爱,,BY2,2025/06/13，2025/07/25，2026/05/05，2026/08/25,,华语,4,BV16yRHBPE63,
516,爱的双重魔力,,BY2,2025/06/13，2025/07/03，2025/09/22,,华语,3,BV1SxMBztEM2,
517,兜圈,,林宥嘉,2025/06/15，2025/06/15，2025/06/16，2025/06/17，2025/06/19，2025/06/27，2025/07/03，2025/07/05，2025/07/11，2025/07/25，2025/08/01，2025/08/03，2025/08/13，2025/09/03，2025/09/12，2025/09/24，2025/10/07，2025/10/24，2025/11/13，2025/12/02，2025/12/09，2025/12/16，2025/12/26，2026/01/05，2026/01/15，2026/01/28，2026/03/06，2026/04/22，2026/05/10，2026/05/15，2026/06/19，2026/07/09，2026/07/31，2026/08/21,,华语,34,BV1Yh5B6iEN6，BV1g9ojB6Esh，BV1dgmMBeEF4,
518,APT.,,ROSÉ/Bruno Mars,2025/06/16,,英语,1,BV11DNtzSEY2,
519,背对背拥抱,,林俊杰,2025/06/16，2025/07/09，2026/01/22,,华语,3,BV1q9NhzLECV,
520,Lucky,,Jason Mraz/Colbie Caillat,2025/06/17，2026/06/26，2026/08/21,,英语,3,BV1Aj7L6bEYM,
521,If I Ain't Got You,,Alicia Keys,2025/06/17，2025/07/21，2025/10/20，2025/11/18,,英语,4,BV1t9yVBfEnU,
522,Clown,,Emeli Sandé,2025/06/17，2025/09/24,,英语,2,BV1K1N5z2EHA,
523,好想好想,,古巨基,2025/06/17，2025/09/12，2026/03/08,,华语,3,BV1HcN6zkEPV,
524,색안경 (STEREOTYPE),有色眼镜,STAYC,2025/06/19,,韩语,1,,
525,猪之歌,,香香,2025/06/19，2025/09/05，2025/11/17，2026/01/09，2026/03/01，2026/06/17,,华语,6,BV1a9LR6UEjB，BV19MPuzkEZX,
526,你瞒我瞒,,陈柏宇,2025/06/19，2025/09/02，2026/03/08，2026/03/17，2026/04/14，2026/06/17,,粤语,6,BV1hoLR62Ej2，BV1eyNVztEz8,
527,Señorita,,Shawn Mendes/Camila Cabello,2025/06/19，2026/06/10,,英语,2,BV11rNdz8EhY,
528,Tolerate It,,Taylor Swift,2025/06/19,,英语,1,BV1tH3FztEpR,
529,下等马,,ChiliChill,2025/06/19，2025/07/14，2025/07/17，2025/07/28，2025/08/03，2025/08/08，2025/08/22，2025/09/17，2025/09/26，2025/09/30，2025/10/12，2025/10/16，2025/11/07，2025/11/21，2025/12/02，2025/12/17，2026/01/01，2026/01/05，2026/01/14，2026/01/22，2026/01/24，2026/02/02，2026/03/05，2026/03/15，2026/04/01，2026/05/04，2026/05/25，2026/06/20，2026/07/05，2026/07/18，2026/07/28，2026/08/11,,华语,32,BV1TYjW6dEV3，BV126rrBhEvE,
530,李白,,李荣浩,2025/06/19，2025/06/27，2025/08/24,,华语,3,BV1ra3XzhEKE,
531,北极星的眼泪,,张栋梁,2025/06/20，2025/09/12，2025/12/02,,华语,3,BV1i5SeByE7W,
532,霓虹泡泡,,吉诺儿Kino,2025/06/20，2025/07/05，2025/07/11,,华语,3,BV1kPKNz2ENh,
533,你就不要想起我,,田馥甄,2025/06/20，2025/06/23，2025/09/29，2026/01/09，2026/02/10,,华语,5,BV1523azhEv6,
534,踊り子,舞女,Vaundy,2025/06/20，2025/06/21，2025/07/08，2025/07/13，2025/07/18，2025/07/28，2025/08/01，2025/08/03，2025/08/04，2025/08/16，2025/09/03，2025/09/13，2025/09/19，2025/10/23，2025/10/28，2025/11/10，2025/11/13，2025/11/18，2025/12/11，2025/12/16，2026/02/18，2026/03/09，2026/04/16，2026/04/24，2026/05/15，2026/05/23，2026/06/12，2026/07/22，2026/08/11,,日语,29,BV1CX5B6HE3A，BV1zodeBqEhq，BV1MosGzFEMe,
535,中国话,,S.H.E,2025/06/20,,华语,1,BV1w73AzZEUg,
536,Royals,,Lorde,2025/06/23，2025/10/23，2026/07/09,,英语,3,BV1BCMp6DEtt,
537,The One That Got Away,,Katy Perry,2025/06/23,,英语,1,BV1ZFKhzLEqz,
538,Photograph,,Ed Sheeran,2025/06/23,,英语,1,BV1XbK8ziE7s,
539,The A Team,,Ed Sheeran,2025/06/23，2025/10/19，2026/01/19，2026/08/16,,英语,4,BV1RpK8z6EDo,
540,残酷月光,,林宥嘉,2025/06/23，2025/12/04，2025/12/05，2026/02/12,,华语,4,BV1d52iBrEwq,
541,盛夏的果实,,莫文蔚,2025/06/23，2025/09/15，2025/09/19，2025/10/20，2025/12/05，2026/07/22,,华语,6,BV1KgKezKEwo，BV1gFW3zxEZa,
542,该死的温柔,,马天宇,2025/06/26,,华语,1,,
543,新窝,,飞轮海/S.H.E,2025/06/26,,华语,1,BV178KfzbEJ6,
544,ミッドナイト・リフレクション,Midnight Reflection,NOMELON NOLEMON,2025/06/26，2025/06/27，2025/07/14，2025/07/17，2025/08/23，2025/09/21，2025/10/28，2025/11/10，2026/01/14，2026/01/22，2026/02/19，2026/03/13，2026/04/12，2026/05/10，2026/06/17，2026/08/08，2026/08/18,,日语,17,BV1fL5s6uEZx，BV1iLJdzEEWk,动漫
545,Because of You,,Kelly Clarkson,2025/06/26，2025/09/21，2025/10/31，2025/11/28，2026/03/08，2026/05/01，2026/05/23，2026/07/17，2026/08/25,,英语,9,BV1dgy9BnEVC,
546,百万个吻,,陈明真,2025/06/27，2025/09/08，2025/10/13，2025/10/16，2026/01/24，2026/02/09，2026/03/06，2026/03/22，2026/04/11，2026/04/30，2026/05/26，2026/06/18，2026/08/03,点歌大概率不唱,华语,13,BV1auGC6uEgr，BV12MzyBAEbS,特殊
547,금요병,Friday Blues/周五病,크림 (Cream),2025/06/27，2025/07/21，2025/08/18，2025/08/21，2025/09/17，2025/09/22，2025/10/16，2025/11/26，2026/01/19，2026/05/20,,韩语,10,BV1i7Lb6jETN，BV1YzYxztEuV,
548,I Really Like You,,Carly Rae Jepsen,2025/06/27，2025/08/23,,英语,2,BV17iK6zkEYv,
549,爱的魔法,,金莎,2025/06/27，2026/03/07,,华语,2,BV163NAzgEyz,
550,兰亭序,,周杰伦,2025/06/27，2025/09/08,,华语,2,BV1Fv3Xz8ETi,
551,Summertime Sadness,,Lana Del Rey,2025/06/29，2025/09/19，2025/11/22，2026/07/22,,英语,4,BV1T3WVzdETy,
552,Close to You,,Olivia Ong,2025/06/29，2025/07/03，2025/07/14，2025/09/17，2025/11/13，2025/11/27，2025/12/16，2026/05/26，2026/08/16,,英语,9,BV1auGC6uEgB，BV1rhS5BwE38,
553,vampire,,Olivia Rodrigo,2025/06/29，2026/08/11，2026/08/21,,英语,3,BV1KBgCzkELn,
554,Love You Like A Love Song,,Selena Gomez/The Scene,2025/06/29，2025/10/31,,英语,2,BV158yXBUENQ,
555,Teenage Dream,,Katy Perry,2025/06/29,,英语,1,BV1MegCzLEbb,
556,Wrecking Ball,,Miley Cyrus,2025/06/29,,英语,1,BV14v3PzNEcG,
557,金缕衣,,姚贝娜,2025/06/29,,华语,1,BV1pHGFzHEHx,
558,红颜劫,,姚贝娜,2025/06/29,,华语,1,BV1ergkzDEuP,
559,White Horse,,Taylor Swift,2025/06/29，2025/11/09，2025/12/05,,英语,3,BV1ZegkzxETb,
560,Treasure,,Bruno Mars,2025/06/30,,英语,1,,
561,Marry You,,Bruno Mars,2025/06/30，2025/09/29,,英语,2,BV1G8g1zdELq,
562,情非得已,,庾澄庆,2025/07/03，2025/09/12,,华语,2,BV1wbp3zkE92,
563,Whataya Want from Me,,Adam Lambert,2025/07/03,,英语,1,BV1Bm3izjEJZ,
564,至少还有你,,林忆莲,2025/07/03，2025/07/07，2025/07/26，2025/08/28，2025/09/14，2025/10/11，2025/11/26，2025/12/09，2026/01/09，2026/01/23，2026/02/12，2026/02/25，2026/03/09，2026/03/28，2026/05/10，2026/06/06,,华语,16,BV1GxX1BmEgs，BV1ttmJBQETy,
565,Telephone,,Lady Gaga/Beyoncé,2025/07/05，2025/10/23，2026/01/19,,英语,3,,
566,Super Star,,S.H.E,2025/07/06，2025/07/18，2025/12/31，2026/04/09,,华语,4,BV1A3QFBvEfU，BV1hC32zfE4f，BV1jbuRzsE6i，BV1rWv9BgEYk,
567,死了都要爱,,信乐团,2025/07/07，2026/04/09,,华语,2,BV1j4DtBKEfp，BV12LGpz9ERg,
568,爱的主打歌,,萧亚轩,2025/07/07，2025/11/17，2025/12/05，2025/12/16,,华语,4,BV1TRqVBCEDC,
569,快乐崇拜,,潘玮柏/张韶涵,2025/07/07，2025/09/30，2026/04/09，2026/06/26,,华语,4,BV1pdDxBBEpZ，BV1uEGLzzEUw,
570,樱花草,,Sweety,2025/07/07，2025/07/31，2025/09/11，2025/10/11，2025/11/07，2025/11/12，2025/12/09，2026/01/14，2026/01/30，2026/04/09,,华语,10,BV11gQFBTEKR，BV1FCrWBiE7J,
571,说爱你,,蔡依林,2025/07/07，2026/02/14,,华语,2,BV1kPM9zZENZ,
572,暗香,,沙宝亮,2025/07/07，2025/09/12,,华语,2,BV1ZXGHzzE1C,
573,千里之外,,周杰伦/费玉清,2025/07/07，2025/08/26,,华语,2,BV1rKM9z4EWb,
574,江南,,林俊杰,2025/07/07，2025/07/21，2025/07/27，2025/08/12，2025/08/22，2025/09/06，2025/09/13，2025/12/05,,华语,8,BV1i5GHziEo8,
575,爱如火,,那艺娜,2025/07/08，2025/09/05,,华语,2,BV1srM9zYEgK,
576,我要你,,任素汐,2025/07/10,,华语,1,BV1zzuKzpEc5,
577,给我一个理由忘记,,A-Lin,2025/07/11，2025/07/15，2025/07/15，2025/08/04，2025/09/28，2025/10/05，2026/01/09，2026/03/07，2026/03/08，2026/06/14,,华语,10,BV1ixJN6bEmS，BV1PNNAzLEvL，BV1bRNVzDETM,
578,Pretty Boy,,M2M,2025/07/11，2025/09/30，2025/10/31，2025/12/04，2026/01/23，2026/02/12，2026/03/17，2026/04/09，2026/06/28,,英语,9,BV1ukQFBLE6x，BV16AcBzZE4S,
579,燕尾蝶,,梁静茹,2025/07/11，2025/09/21，2026/07/26,,华语,3,BV1GbgX68EMy,
580,浮夸,,陈奕迅,2025/07/11,,华语,1,BV1mvM9zqELY,
581,A Little Love,,冯曦妤,2025/07/13，2025/08/26，2025/12/17,,英语,3,BV1VyqVBnEFZ,
582,"Yes, I Do",,孙盛希,2025/07/14，2025/07/18，2025/07/28，2025/08/07，2025/08/10，2025/09/04，2025/09/18，2025/10/16，2025/10/22，2026/06/03，2026/07/26,,华语,11,BV1Q9aUzpEov，BV1oQs8zxEjE,
583,挪威的森林,,伍佰,2025/07/14，2025/09/05，2025/11/09，2026/03/08,,华语,4,BV1wJahzXEz4,
584,Where Did U Go,,G.E.M. 邓紫棋,2025/07/14，2025/07/17，2025/07/18，2025/07/24，2025/07/28，2025/08/02，2025/08/03，2025/08/21，2025/09/05，2025/09/18，2025/09/30，2025/10/19，2025/11/03，2025/11/22，2026/01/05，2026/02/18，2026/02/23，2026/04/19，2026/06/06，2026/06/19，2026/07/28,,粤语,21,BV1CXdfB7EkG，BV1JbaYzsEF3,
585,明天，你好,,牛奶咖啡,2025/07/15,,华语,1,BV1Jkgtz9ELP,
586,绝不认输,,王绎龙,2025/07/15，2026/01/05，2026/01/10，2026/01/25，2026/02/10，2026/02/27，2026/03/07，2026/03/15，2026/03/29，2026/06/23,,华语,10,BV1R8XSB8EU5，BV1yM6UBkE2q,
587,讨厌,,Fine乐团,2025/07/17，2025/07/18，2025/07/24，2025/07/26，2025/07/31，2025/09/26，2025/09/29，2025/10/09，2025/12/26，2026/01/09，2026/04/02，2026/04/24，2026/05/22，2026/06/12，2026/06/17，2026/08/11,,华语,16,BV1xxoEBqE8N，BV19UbDzXE7H，BV1eZGb6gEJq,
588,Stronger Than You(Frisk Parody),,Rachie,2025/07/17，2025/09/06，2026/02/17,,英语,3,,
589,夏霞,,あたらよ,2025/07/17，2025/07/24，2025/07/28，2025/08/01，2025/08/04，2025/08/09，2025/08/13，2025/08/26，2025/08/29，2025/09/19，2025/09/29，2025/10/11，2025/10/22，2025/10/28，2025/11/10，2025/11/28，2025/12/16，2026/02/19，2026/03/06，2026/03/28，2026/04/19，2026/06/14，2026/07/22,,日语,23,BV1GaXLBwEud，BV1uhbPzSE6S,
590,孤单北半球,,欧得洋,2025/07/20,,华语,1,,
591,Girl on Fire,,Alicia Keys,2025/07/21,,英语,1,,
592,Haunted,,Taylor Swift,2025/07/21,,英语,1,BV15Whuz2E7Y,
593,The Story of Us,,Taylor Swift,2025/07/21，2025/09/08,,英语,2,BV1ktaZzwEZT,
594,Better Than Revenge,,Taylor Swift,2025/07/21,,英语,1,BV151gWzKEos,
595,童话,,光良,2025/07/23，2025/12/12，2026/02/25，2026/04/09，2026/04/14，2026/08/02,,华语,6,BV1CVQFBNEvH，BV1opmUBmE8R,
596,讨厌红楼梦,,陶喆,2025/07/24，2025/07/26，2025/07/28，2025/07/31，2025/08/04，2025/08/07，2025/08/12，2025/08/22，2025/09/11，2025/09/17，2025/10/07，2025/11/12，2026/01/14，2026/02/07，2026/06/03，2026/07/26,,华语,16,BV1UkbkzREbu,
597,One Spot,美美桑内,沈佳润,2025/07/26，2025/07/28，2025/08/26，2025/09/10，2026/02/19,,韩语,5,BV14L8nzZEcB,
598,有何不可,,许嵩,2025/07/26,,华语,1,BV1d68pzEEd3,
599,找自己,,陶喆,2025/07/26，2025/09/24，2025/10/28，2025/11/12，2025/12/16，2026/01/14，2026/01/30，2026/06/10，2026/07/26，2026/08/21,,华语,10,BV146rrBaERP,
600,月半小夜曲,,李克勤,2025/07/26，2026/07/17,,粤语,2,BV1Qx3w6pEUx,
601,Good Time,,Owl City/Carly Rae Jepsen,2025/07/26，2025/08/08，2026/07/22,,英语,3,BV1DDgk6eEWB,
602,痒,,黄龄,2025/07/28,,华语,1,BV12o8nzfEPr,
603,恋爱告急,,鞠婧祎,2025/07/31，2025/08/01，2025/08/04，2025/08/09，2025/08/13，2025/08/21，2025/08/29，2025/09/10，2025/09/30，2025/10/30，2025/11/14，2025/12/24，2026/01/19，2026/02/12，2026/02/14，2026/04/08，2026/04/19，2026/05/20，2026/06/06，2026/07/22,,华语,20,BV1n7dfB3EGS，BV1kfcqzhEv6,
604,小乌龟,,张栋梁,2025/07/31，2025/09/12,,华语,2,BV1x6pgzLE5J,
605,Gone,,ROSÉ,2025/08/01,,英语,1,,
606,Heaven,,Ailee,2025/08/02，2025/12/02，2026/03/14,,韩语,3,BV1NmSbBmEkm,
607,Blueming,,IU,2025/08/02，2025/10/12，2025/12/04，2026/01/09，2026/02/09,,韩语,5,BV1BV2LBXEVh,
608,彩色的黑,,吉克隽逸,2025/08/04，2025/08/21，2025/11/28,,华语,3,BV1KG3qzFEUQ,
609,Super Style,,SpeXial,2025/08/04,,华语,1,,
610,恋爱困难少女,,ChiliChill,2025/08/09，2025/08/10，2025/08/13，2025/08/22，2025/08/25，2025/09/03，2025/09/05，2025/09/20，2025/09/29，2025/10/05，2025/10/22，2025/11/14，2025/12/02，2025/12/17，2026/01/14，2026/02/02，2026/03/22，2026/04/01，2026/04/08，2026/05/15，2026/06/10，2026/07/31，2026/08/25,,华语,23,BV1kG5B6UEGv，BV1SNDEBbEXQ，BV1u4bwzyEez,
611,优尼瓦思电力,,三理Mit3uri,2025/08/09，2026/03/13，2026/03/27，2026/08/02,三理第一首原创曲,华语,4,BV1wiXTB4Emi，BV1BSt8zzESY,
612,生日快乐歌,,格格,2025/08/09,,华语,1,,
613,From the Start,,Laufey,2025/08/12，2025/09/05，2025/09/05，2025/09/17，2025/09/24，2025/09/28，2025/10/01，2025/10/10，2025/10/17，2025/10/23，2025/11/01，2025/11/26，2025/12/30，2026/01/10，2026/02/18，2026/04/10，2026/04/23，2026/05/23，2026/06/18，2026/07/13，2026/08/07,,英语,21,BV1Q7GL6FEoT，BV1NNo7BAEid，BV1RUSTBiEa5,
614,天后,,陈势安,2025/08/21，2026/01/16，2026/02/02，2026/03/17，2026/04/08，2026/06/14，2026/08/02,,华语,7,BV1QwwRz4E3D,
615,凉凉,,张碧晨/杨宗纬,2025/08/22，2025/09/12,,华语,2,,
616,だんご大家族,团子大家族,茶太,2025/08/23，2025/09/06,,日语,2,BV1QaezzYE68,动漫
617,反方向的钟,,周杰伦,2025/08/24，2025/09/20，2025/10/07，2025/11/09，2025/11/21，2026/02/25，2026/03/31,,华语,7,BV1J2kRBZEgH,
618,舞娘,,蔡依林,2025/08/26,,华语,1,BV11Uerz8E9J,
619,美女主播,,枫子/叶子,2025/08/16，2025/08/26，2025/11/13，2025/12/09，2026/01/29，2026/02/19，2026/03/31,,华语,7,BV1LYvKzmEyV,
620,Melody,,陶喆,2025/08/29，2025/09/08，2025/11/24，2026/06/14,,华语,4,BV1xaJK65Erp,
621,Sorry,,Justin Bieber,2025/09/03，2026/04/20,,英语,2,BV1CFdrBfELv,
622,One Time,,Justin Bieber,2025/09/03,,英语,1,,
623,客官不可以,,徐良/小凌,2025/09/04，2026/03/13,,华语,2,BV1rqwJz2Ejp,
624,Last dance,,伍佰,2025/09/05,,华语,1,BV1FQYMz4E82,
625,Hide and Seek,,Lizz Robinett,2025/09/06，2025/10/31,,英语,2,BV1HkYKz9Ey7,
626,青春修炼手册,,TFBoys,2025/09/10，2026/01/28,,华语,2,BV17HHQz1EZE,
627,你不知道的事,,王力宏,2025/09/10，2025/09/22，2025/09/24，2025/10/23，2025/12/06，2026/01/24，2026/02/05，2026/02/23，2026/05/05，2026/05/23，2026/07/09,,华语,11,BV1h7GL6FEYH，BV1aXvxB1EWN,
628,牵丝戏,,银临/Aki阿杰,2025/09/10，2025/09/13，2025/09/29，2025/10/10，2025/10/17，2025/11/27，2025/12/19，2026/01/16,,华语,8,BV13YS7BtEU1,
629,通天大道宽又阔,,崔京浩/三叶草演唱组,2025/09/12,,华语,1,BV1wiHrzxEsm,
630,当,,动力火车,2025/09/12,,华语,1,BV1WhHrzfEYw,
631,情深深雨濛濛,,赵薇,2025/09/12，2026/04/24,,华语,2,BV19UoEBDEHt，BV1AYHrztEi4,
632,黄种人,,谢霆锋,2025/09/12,,华语,1,BV17opgzeE7g,
633,终极一班,,Tank,2025/09/12,,华语,1,,
634,天下无双,,张靓颖,2025/09/12,,华语,1,,
635,我们的纪念,,李雅微,2025/09/12,,华语,1,,
636,出神入化,,飞轮海,2025/09/12,,华语,1,,
637,我的快乐,,锦绣二重唱,2025/09/12，2025/10/17,,华语,2,BV1k2pgz3E2X,
638,生生世世爱,,吴雨霏,2025/09/12,,华语,1,BV1iJpgzfEpA,
639,此生不换,,青鸟飞鱼,2025/09/12，2026/03/04,,华语,2,BV1VnPizJEDC,
640,爱的供养,,杨幂,2025/09/12，2025/09/27,,华语,2,BV1qApVzMEC3,
641,无法原谅,,李佳璐,2025/09/12,,华语,1,BV187pVzZE89,
642,想见你想见你想见你,,八三夭,2025/09/12，2026/02/07,,华语,2,BV1PgF4zhETP,
643,旅行的意义,,陈绮贞,2025/09/13，2025/09/13，2025/09/13，2025/09/17，2025/09/18，2025/09/20，2025/09/21，2025/09/24，2025/09/29，2025/10/10，2025/10/13，2025/10/22，2025/10/30，2025/11/03，2025/11/13，2025/11/24，2025/12/05，2025/12/12，2025/12/17，2026/01/06，2026/01/15，2026/01/24，2026/02/27，2026/04/19，2026/06/06，2026/07/17，2026/07/28,,华语,27,BV1FfdfBVEQL，BV1p2p9zcELR,
644,东风破,,周杰伦,2025/09/17,,华语,1,,
645,Golden,,Ejae/Audrey Nuna/Rei Ami/ HUNTR/X /KPop Demon Hunters Cast,2025/09/15，2025/09/17，2025/09/22，2025/09/29，2025/09/29，2025/10/10，2025/10/28，2025/12/02，2026/01/05，2026/03/13，2026/06/23,,英语,11,BV1SFnwzXEzi,
646,黑色幽默,,周杰伦,2025/09/17，2025/10/11，2025/10/13，2025/10/20，2025/10/25，2025/11/21，2025/12/17，2026/02/23，2026/03/17，2026/03/25，2026/05/23,,华语,11,BV18EGL6bEip，BV1aZWyzREbb，BV1mLf6B6EYy,
647,我最亲爱的,,张惠妹,2025/09/02,,华语,1,,
648,宠爱,,TFBoys,2025/09/02，2025/09/22，2026/04/02,,华语,3,BV1YYnwzcEZS，BV18H9wBsEuF,
649,慢慢喜欢你,,莫文蔚,2025/09/15，2025/10/19，2025/10/20，2025/10/26，2025/11/01，2025/11/14，2026/01/15，2026/01/23，2026/04/19，2026/04/24，2026/07/05,,华语,11,BV17koEBdEfu，BV1HJocBmEnK，BV1TzrrBAEq9,
650,萱草花,,张小斐,2025/09/15，2026/03/13，2026/08/02,,华语,3,BV1xbpBz4E2N,
651,How long will I Love you,,Ellie Goulding,2025/09/15,,英语,1,,
652,Price Tag,,Jessie J,2025/09/18,,英语,1,BV1CyWNzcEb6,
653,Virtual to LIVE,,艾因Eine/羽音Hanon/琉绮Ruki/七海Nana7mi/无理Muri/一果Ichigo/中单光一/弥希Miki/星弥Hoshimi/蜜球兔/罗伊Roi/阿萨Aza,2025/09/19，2025/09/26，2025/10/16，2025/11/26，2026/02/12，2026/04/10，2026/06/12,,华语,7,BV19EE16aEbA，BV1B4cqzWEhs,
654,Yellow,,Coldplay,2025/09/19，2026/06/14,,英语,2,BV1U3Ju6sEB7，BV1hAWVzwEnG,
655,热爱105度的你,,阿肆,2025/09/19，2025/09/30,,华语,2,,
656,Firework,,Katy Perry,2025/09/19,,英语,1,BV1gKWVzFEN1,
657,夏天,,李玖哲,2025/09/20，2025/09/21，2025/09/22，2025/09/24，2025/09/27，2025/10/05，2025/10/12，2025/10/22，2025/11/01，2025/12/06，2025/12/12，2026/01/19，2026/04/08，2026/05/20，2026/06/06，2026/06/28，2026/07/22,,华语,17,BV1dnLb6LEcT，BV19wxTzsEnU,
658,爱情讯息,,郭静,2025/09/21，2025/09/21，2025/09/22，2025/09/22，2025/09/24，2025/09/27，2025/09/29，2025/10/03，2025/10/05，2025/10/09，2025/10/18，2025/10/22，2025/10/26，2025/11/01，2025/11/09，2025/11/19，2025/11/22，2025/11/28，2025/12/08，2025/12/22，2026/01/05，2026/01/14，2026/01/22，2026/02/07，2026/02/10，2026/03/08，2026/03/22，2026/04/18，2026/05/01，2026/05/20，2026/06/10，2026/06/25，2026/07/05，2026/07/31，2026/08/23,,华语,35,BV1mndWBHEQG，BV1UAnwzQE3E,
659,富士山下,,陈奕迅,2025/09/22，2025/10/09，2025/12/05，2026/01/25，2026/03/08,,粤语,5,BV1t3zxBEEZr,
660,Rise,,The Glitch Mob / Mako / The Word Alive,2025/09/22，2026/08/19,,英语,2,BV1VenwzhEE1,
661,Free Loop,,Daniel Powter,2025/09/22,,英语,1,,
662,Pompeii,,Bastille,2025/09/22,,英语,1,,
663,New Year's Day,,Taylor Swift,2025/09/22，2025/10/09，2025/12/05，2026/08/16,,英语,4,BV1CJnKzxErq,
664,天下有情人,,周华健,2025/09/24,,粤语,1,,
665,烟霞,,容祖儿,2025/09/24，2025/09/29，2025/10/13，2025/10/17，2025/10/19，2025/10/20，2025/10/25，2025/10/28，2025/11/07，2025/11/26，2025/12/06，2025/12/12，2025/12/24，2026/01/05，2026/01/19，2026/02/18，2026/03/14，2026/03/24，2026/06/10，2026/07/22,,粤语,20,BV1V6BQBhEMS,
666,青花瓷,,周杰伦,2025/09/24，2025/09/26，2026/03/14,,华语,3,,
667,What a wonderful world,,Louis Armstrong,2025/09/24,,英语,1,,
668,别问很可怕,,J.Sheon,2025/09/24，2025/09/26，2025/09/28，2025/09/29，2025/10/01，2025/10/07，2025/10/10，2025/10/11，2025/10/17，2025/10/23，2025/10/28，2025/12/26，2026/02/05，2026/07/16，2026/07/31，2026/08/19,,华语,16,BV1szBrBHEVt,
669,小美满,,周深,2025/09/26，2025/12/12，2026/03/05,,华语,3,BV1LeP2znE7t,
670,美丽的神话,,成龙/金喜善,2025/09/26，2025/11/18，2026/01/09，2026/02/25，2026/03/29,,华语，韩语,5,BV1m1XSBJEZm，BV1xoyVBoE8C,
671,California Dreamin’,,The Mamas & The Papas,2025/09/27，2025/10/24,,英语,2,BV1rPsnzqETN,
672,Castle on the Hill,,Ed Sheeran,2025/09/27,,英语,1,,
673,喜欢寂寞,,苏打绿,2025/07/26，2025/09/28,,华语,2,BV1C3h3zYEgU,
674,"Read All About It, Pt. III",,Emeli Sandé,2025/09/28,,英语,1,,
675,我的悲伤是水做的,,ChiliChill/洛天依,2025/09/29，2025/09/30，2025/10/05，2025/10/07，2025/10/11，2025/10/16，2025/10/19，2025/10/22，2025/10/25，2025/11/19，2025/12/02，2025/12/11，2026/01/09，2026/01/14，2026/02/07，2026/03/22，2026/04/27，2026/05/25，2026/06/20，2026/07/09，2026/07/26，2026/08/11,,华语,22,BV1yfo2BmEuU，BV126rrBhEun,
676,迷迭香,,周杰伦,2025/09/29，2025/10/07，2025/10/10，2025/10/13，2025/10/17，2025/10/22，2025/10/25，2025/11/21，2025/12/06，2026/01/15，2026/01/19，2026/03/07，2026/05/05,,华语,13,BV1z8U7BiEjg,
677,Need You Now,,Lady A,2025/09/30,,英语,1,BV1ZHn1ztEyz,
678,Dream A Little Dream Of Me,,Louis Armstrong / Ella Fitzgerald,2025/09/30，2025/10/01，2025/10/11，2025/10/17，2025/10/26，2026/08/16,,英语,6,BV1tksmz4EF8,
679,Hurt,,NewJeans,2025/09/30，2025/10/16，2026/03/09,,韩语,3,BV1V6WizNEa5,
680,Sweater Weather,,The Neighbourhood,2025/10/01,,英语,1,BV15ZHpzbEZN,
681,Bad Liar,,Selena Gomez,2025/10/01,,英语,1,BV1vdHpzfEJe,
682,不值得,,梦飞船,2025/10/01，2025/10/07，2025/10/10，2025/10/13，2025/10/17，2025/10/20，2025/11/03，2025/11/27,,华语,8,BV1p61rBKESr,
683,伤不起,,王麟,2025/10/03,,华语,1,,
684,水调歌头,,苏轼 / 多版本演唱,2025/10/05,,华语,1,,
685,月亮代表我的心,,邓丽君,2025/10/05,,华语,1,BV1xPxgzDEAv,
686,一笑倾城,,汪苏泷,2025/10/07，2025/10/12，2025/10/22，2026/03/24，2026/04/02，2026/08/07,,华语,6,BV1gZQkBNELE,
687,Be what you wanna be,,Darin,2025/10/09，2025/11/17,,英语,2,BV1omCiBMEYU,
688,君が好きだと叫びたい ,好想大声说爱你,BAAD,2025/10/09，2025/11/09，2025/11/14,,日语,3,BV1UcnVzQES5,动漫
689,Demons,,Imagine Dragons,2025/10/11，2025/11/28,,英语,2,BV1jQSFBHEye,
690,老公天下第一,,叶洛洛,2025/10/13，2026/03/04，2026/03/24，2026/03/25，2026/04/01，2026/04/25，2026/06/23,点歌大概率不唱,华语,7,BV1WKPKz7EBS,特殊
691,赤伶,,HITA,2025/10/13,,华语,1,,
692,打上花火,,DAOKO × 米津玄師,2025/10/13，2025/10/18，2026/03/15，2026/08/09,,日语,4,BV1wiwMzUEKR,动漫
693,土星环,,陈奕迅,2025/10/17，2025/10/18，2025/10/23，2025/12/30，2026/01/12，2026/03/29,,华语,6,BV1cFiPBiERh，BV1Z3zsB8ERD,
694,不要说话,,陈奕迅,2025/10/17，2025/10/18，2025/10/23，2025/10/28，2025/12/05，2025/12/12，2025/12/30,,华语,7,BV1yM2HBJEgf，BV1fEigB2EVM,
695,红颜如霜,,周杰伦,2025/10/17，2025/10/24，2025/10/30，2025/11/14，2025/11/28，2025/12/12，2025/12/26，2026/01/29，2026/02/09，2026/03/04,,华语,10,BV1RxcYzqE8B,
696,Cold As You,,Taylor Swift,2025/10/18,,英语,1,BV1wvWhzPEgZ,
697,Shake It Off,,Taylor Swift,2025/10/18,,英语,1,BV1PbWhzMECH,
698,End Game,,Taylor Swift ft. Ed Sheeran & Future,2025/10/18，2026/08/25,,英语,2,BV1C8WhziERm,
699,Window,,Galdive,2025/10/19，2025/10/20，2025/11/18，2025/12/08，2025/12/16，2026/01/10，2026/06/17,,英语,7,BV1XGLR62EWo，BV1FozJBWE2P,
700,Santa Tell Me,,Ariana Grande,2025/10/23,,英语,1,,
701,One Last Time,,Ariana Grande,2025/10/23，2026/08/16，2026/08/21,,英语,3,BV1GHb16oEuk，BV1gabm6ZEH1,
702,Love Me Harder,,Ariana Grande & The Weeknd,2025/10/23，2025/10/25，2025/12/12，2026/01/19，2026/03/28，2026/08/21,,英语,6,BV132XyB5Esk，BV1UfsZzsEJb,
703,The Way,,Ariana Grande ft. Mac Miller,2025/10/23,,英语,1,,
704,Bang Bang,,"Jessie J, Ariana Grande & Nicki Minaj",2025/10/23,,英语,1,,
705,Merry Go 'Round,,Kacey Musgraves,2025/10/23,,英语,1,BV1DasVzNEqy,
706,Tears Always Win,,Alicia Keys,2025/10/23,,英语,1,BV1kUsVzWECP,
707,NO,,Meghan Trainor,2025/10/23，2025/10/28，2025/12/12,,英语,3,BV1s8sjzPEbJ,
708,"Eh, Eh (Nothing Else I Can Say)",,Lady Gaga,2025/10/23,,英语,1,,
709,Let you down,,Dawid Podsiadlo,2025/10/23，2025/10/28，2026/04/02，2026/06/13,,英语,4,BV1eNJs6yEUY，BV1ax9KBMERF,
710,See you again,,Wiz Khalifa ft. Charlie Puth,2025/10/23,,英语,1,,
711,大哥,,卫兰,2025/10/24，2025/10/25，2025/10/28，2025/11/01，2025/11/12，2025/11/26，2025/12/08，2026/01/02，2026/01/05，2026/01/09，2026/02/23，2026/03/14，2026/03/29，2026/04/24，2026/07/09，2026/08/11,,粤语,16,BV1VgoEBmEpE，BV1TBihBsEo5，BV1ksf6BeE2k,
712,幽ノ楽園,幽幽乐园,Albemuth ,2025/10/25，2025/12/02，2026/02/23,,日语,3,BV1oV2iBGEn4,
713,晚婚,,江蕙,2025/10/28，2025/11/01，2025/11/12，2025/12/19，2026/02/08，2026/02/10，2026/05/10，2026/08/16,,华语,8,BV1bscPz1EEj，BV16h5H6aEFe,
714,Unstoppable,,Sia,2025/10/30,,英语,1,,
715,the cutest pair,,Regina Song,2025/10/30，2025/11/03，2025/11/07，2025/11/13，2025/11/22，2025/12/05，2026/01/02，2026/04/15,,英语,8,BV14WQJBFEw6，BV1tJ1vBxEFQ,
716,We Are Never Ever Getting Back Together,,Taylor Swift,2025/10/31，2025/11/12,,英语,2,BV1sDyXBNENn,
717,雨天,,孙燕姿,2025/11/03，2026/04/24，2026/08/11,,华语,3,BV1ZroEBxEAc,
718,ミラーチューン,Mirror Tune,ずっと真夜中でいいのに。,2025/11/03,,日语,1,,
719,God Is a Girl,,Groove Coverage,2025/11/09,,英语,1,BV1qAkDBrE7e,
720,给未来的自己,,梁静茹,2025/11/09,,华语,1,,
721,夜车,,曾轶可,2025/11/09,,华语,1,,
722,Love Fool,,EXO,2025/11/09,,韩语,1,,
723,Try,,Colbie Caillat,2025/11/09，2025/11/14,,英语,2,,
724,밤편지,夜信,IU,2025/11/12，2025/11/14，2025/11/24，2025/12/06，2025/12/12，2025/12/26，2026/01/05，2026/01/30，2026/02/09，2026/03/25，2026/05/01，2026/06/17，2026/07/25,,韩语,13,BV1cfLd6NEQX，BV1i1C3BYEKh,
725,雪落下的声音,,陆虎,2025/11/14，2025/12/26,,华语,2,,
726,唯一,,G.E.M. 邓紫棋,2025/11/14，2026/08/02,,华语,2,BV1a23Z6jE7P,
727,绿色,,陈雪凝,2025/11/14，2025/12/11,,华语,2,BV1mnmmBcEJC,
728,Bright,,Echosmith,2025/11/14,,英语,1,,
729,Despacito,,Luis Fonsi,2025/11/18，2025/11/26,,,2,,
730,FEARLESS,,LE SSERAFIM,2025/11/18,,韩语,1,,
731,Cake by the Ocean,,DNCE,2025/11/18,,英语,1,,
732,Frankenstein,,Claire Rosinkranz,2025/11/19，2025/12/26，2026/03/06，2026/08/11,,英语,4,BV1eEP4zfEmB,
733,All I Want For Christmas Is You,,Mariah Carey,2025/11/24，2025/12/24,,英语,2,BV1SmBQBdE4b,
734,麦乐鸡(Melody),,陶喆,2025/11/24，2026/04/14,,华语,2,BV1yxUkBLEcB,
735,哈雪大冒险,,曼波,2025/11/24,,华语,1,,
736,Desperado,,Eagles,2025/11/24，2026/08/02,,英语,2,BV1HbUhByEXN,
737,My heart will go on,,Céline Dion,2025/11/26,,英语,1,BV13jUvBuErt,
738,잘자요 아가씨,晚安大小姐,ASMRZ,2025/11/26，2026/03/07,,韩语,2,BV1zDUzBaENk,
739,恋人,,李荣浩,2025/11/27，2025/11/27，2025/11/28，2025/12/06，2025/12/13，2026/01/10，2026/01/24，2026/02/14，2026/03/14，2026/04/01，2026/04/08，2026/05/01，2026/05/06，2026/05/23，2026/06/20，2026/07/18，2026/08/07,,华语,17,BV1Q7GL6FEwd，BV181SyBPERE,
740,我不难过,,孙燕姿,2025/11/28,,华语,1,,
741,泪桥,,伍佰,2025/11/28,,华语,1,BV14eSwBrEQb,
742,九张机,,叶炫清,2025/11/28,,华语,1,,
743,Hey Jude,,The Beatles,2025/12/02，2026/04/20,,英语,2,BV1modkBzE44，BV1rdSbB3Eor,
744,Loves Me Not,,t.A.T.u.,2025/12/04,,英语,1,,游戏
745,不怕不怕,,美美jocie,2025/12/04,,华语,1,,
746,卜卦,,崔子格,2025/12/05,,华语,1,,
747,届かない恋,无法传达的恋爱,上原玲奈,2025/12/09，2026/02/02，2026/04/14,,日语,3,BV1QrQVBpEzs,游戏
748,听见,,方雅贤,2025/12/09，2025/12/17，2026/01/14，2026/01/23，2026/02/05，2026/02/10，2026/02/25，2026/04/08，2026/05/01，2026/06/16，2026/08/16,,华语,11,BV1emR7B1Edj，BV1cWmnB5Etm,
749,神探,,丁世光,2025/12/11，2025/12/12，2025/12/17，2026/01/02，2026/01/05，2026/01/11，2026/01/17，2026/01/29，2026/02/09，2026/03/28，2026/04/29，2026/07/05，2026/07/26,,华语,13,BV1UzXLBxEGd，BV1FekxB5Etj,
750,我的天坑,,南征北战NZBZ,2025/12/12,,华语,1,BV1k9mUB4EG4,
751,同桌的你,,老狼,2025/12/12,,华语,1,BV1hNmRBsERE,
752,北京东路的日子,,群星,2025/12/12,,华语,1,BV13NmRBsEJj,
753,倔强,,五月天,2025/12/12,,华语,1,BV13NmRBsEED,
754,Brand new me,,Alicia Keys,2025/12/12,,英语,1,,
755,太难唱了,,彭佳慧,2025/12/16,,华语,1,,
756,他一定很爱你,,阿杜,2025/12/17,,华语,1,,
757,Please Please Please,,Sabrina Carpenter,2025/12/19，2025/12/24，2025/12/26，2026/01/02，2026/01/09，2026/01/23，2026/01/29，2026/03/22，2026/04/29，2026/06/20，2026/08/11,,英语,11,BV1K8isBiExx,
758,流浪者之歌,,F.I.R.飞儿乐团,2025/12/19，2026/02/08，2026/05/01，2026/05/25,,华语,4,BV1tBcgzcELB，BV1WVqrBLEc2,
759,气球,,许哲珮,2025/12/19,,华语,1,,
760,一样的月光,,徐佳莹,2025/12/19，2025/12/23，2025/12/26，2026/01/02，2026/01/05，2026/01/11，2026/01/25，2026/02/09，2026/02/23，2026/03/20，2026/04/02，2026/04/16，2026/04/29，2026/05/10，2026/06/06，2026/06/14，2026/06/20，2026/07/16，2026/08/02，2026/08/07，2026/08/23,,华语,21,BV1qAdvBYEKf，BV1oKiwBXE1L，BV1Csf6BeEYe,
761,BIRDS OF A FEATHER,,Billie Eilish,2025/12/24，2025/12/24，2025/12/26，2026/01/02，2026/01/10，2026/03/13，2026/06/06，2026/07/09，2026/07/27，2026/08/08，2026/08/19,,英语,11,BV1XC7Q61EDC，BV1GiicB5EFK,
762,Catch Me If You Can,,鸣潮先约电台,2025/12/26，2026/01/05，2026/01/19，2026/01/21，2026/01/22，2026/01/24，2026/02/07，2026/02/19，2026/02/24，2026/02/24，2026/02/25，2026/03/06，2026/03/25，2026/04/11，2026/04/20，2026/05/15，2026/06/19，2026/07/18，2026/08/21,,英语,19,BV1C35B6JEMN，BV1UodkBzEgD，BV1pfzcBgERV，BV1aff2BvEZF,游戏
763,11,,队长/黄礼格,2025/12/26，2026/01/19，2026/02/09,,华语,3,BV1VUcuzvEaU,
764,鱼仔,,卢广仲,2025/12/26，2026/01/10，2026/01/22，2026/01/23，2026/01/31，2026/02/10，2026/02/23，2026/03/09，2026/03/12，2026/03/14，2026/03/17，2026/03/27，2026/04/24，2026/05/01，2026/06/14，2026/08/01,,华语,16,BV1XVXTB3E9c，BV1mNBfBBEkr,
765,Always Online,,林俊杰,2025/12/30,,华语,1,,
766,如愿,,王菲,2026/01/05,,华语,1,,
767,NOT CUTE ANYMORE,,ILLIT,2025/12/27，2026/01/05，2026/01/06，2026/01/14，2026/01/23，2026/02/09，2026/07/27,,韩语,7,BV1NrqABkEk4,
768,莫名其妙爱上你,,朱主爱,2026/01/14，2026/03/09,,华语,2,BV1c6rWBBEyT,
769,三理之歌（库里之歌）,,三理Mit3uri,2026/01/15，2026/01/29,原词曲：龙奔,华语,2,BV1kwkFBgEVE,
770,坏女孩,,徐良,2026/01/19,,华语,1,,
771,分手快乐,,梁静茹,2026/01/21,,华语,1,,
772,我只在乎你,,邓丽君,2026/01/23，2026/06/28,,华语,2,BV1RDzuB2EsP,
773,死别,,シャノン,2026/01/23，2026/01/25，2026/02/05，2026/02/09,,日语,4,,
774,情歌,,梁静茹,2026/01/23，2026/03/29，2026/07/26，2026/07/27,,华语,4,BV1g7zuBgEkG,
775,几分之几,,卢广仲,2026/01/24，2026/01/25，2026/01/26，2026/02/02，2026/02/07，2026/02/10，2026/02/14，2026/02/19，2026/03/04，2026/03/12，2026/03/31，2026/04/01，2026/04/14，2026/04/18，2026/05/10，2026/05/23，2026/06/12，2026/07/03，2026/07/21，2026/08/07，2026/08/23,,华语,21,BV1mE9nBuEk1，BV1V89GBfE6h，BV1sEzxBCEua，BV18EGL6bEhr,
776,爱不单行,,罗志祥,2026/01/24，2026/02/08，2026/06/20,,华语,3,BV1zPz1BRExW,
777,STAR WALKIN',逐星,Lil Nas X,2026/01/25，2026/08/19,,英语,2,BV18u8n6QEXN,游戏
778,阳光彩虹小白马,,大张伟,2026/01/25，2026/02/10,,华语,2,BV1Gnc4zmEjA,
779,Lulala! Lululala!,,鸣潮先约电台,2026/01/25，2026/01/30，2026/02/02，2026/02/08，2026/02/19，2026/02/23，2026/02/25，2026/03/12，2026/03/28，2026/04/12，2026/04/20，2026/06/26，2026/07/22,,英语,13,BV1zPDSBhEqa，BV1Dv6qBsEXr,游戏
780,爱要坦荡荡(R&B版),,顾叮当,2026/01/29,,华语,1,BV1Xx6cBRE14,
781,Long Live,,Taylor Swift,2026/01/30,,英语,1,,
782,身不由己,,大都会乐团,2026/02/02，2026/02/05，2026/02/09，2026/02/22，2026/07/25，2026/07/26，2026/07/27，2026/07/31，2026/07/31，2026/08/11,,华语,10,BV1fxFMzqEDd,
783,乐鸣东方,,洛天依,2026/02/07，2026/04/19,,华语,2,BV1A7dfBGEKE,
784,爱的飞行日记,,周杰伦,2026/02/07,,华语,1,BV1wGF4zFEBM,
785,相亲相爱,,陈慧琳/张惠妹/孙楠/古淖文,2026/02/08,,华语,1,BV1U9cTzpEjm,
786,混入人类计划,,ChiliChill,2026/02/08，2026/02/09，2026/02/14，2026/02/20，2026/02/28，2026/05/25，2026/06/13，2026/07/05，2026/07/18，2026/08/08，2026/08/23,,华语,11,BV17kJs6JEcm，BV1JncczQEuJ，BV1c6fGBDEG1,
787,纸飞机,,鸣潮先约电台/飞行雪绒,2026/02/08，2026/02/09，2026/02/12，2026/02/14，2026/02/19，2026/02/23，2026/02/24，2026/02/25，2026/03/01，2026/03/05，2026/03/12，2026/03/17，2026/03/19，2026/03/31，2026/04/20，2026/05/02，2026/05/21，2026/06/20，2026/07/16，2026/08/02,,英语,20,BV1HW9jBJEUE，BV1W4cuzSE8Y，BV12Ef6BBE5C,游戏
788,刻在我心底的名字,,卢广仲,2026/02/09，2026/02/27，2026/03/09，2026/04/14，2026/05/25，2026/07/25,,华语,6,BV1EkcszREeP，BV11dAQz2ESx,
789,词不达意,,林忆莲,2026/02/12,,华语,1,BV1BNcBz4ECH,
790,RUNNING FOR YOUR LIFE,无所遁藏,鸣潮先约电台/Casey Lee Williams,2026/02/14，2026/02/24，2026/03/07，2026/03/13，2026/05/26，2026/06/19，2026/08/25,,英语,7,BV1QuGC6uEn3，BV14GZEBgErZ,游戏
791,发财发福中国年,,中国娃娃,2026/02/17，2026/02/19,,华语,2,BV1EYZ1B6ECT,
792,恭喜发财,,刘德华,2026/02/17,,华语,1,,
793,迎春花,,卓依婷,2026/02/19,,粤语,1,BV1gnZBBiEmr,
794,天堂,,腾格尔,2026/02/19,,华语,1,BV166ZBBQEWz,
795,退后,,周杰伦,2026/02/20,,华语,1,BV1zkfGBEELD,
796,最近还好吗,,S.H.E,2026/02/20,,华语,1,BV14Tf3BWEef,
797,持续瞬间的永恒,,鸣潮先约电台/jixwang/markmilian/Sophia,2026/02/22，2026/02/23，2026/02/24，2026/02/25，2026/03/14，2026/04/20，2026/06/16，2026/08/01,,英语,8,BV1asjG6aEzV，BV1modkBzEQ9，BV1K7f6BgE9r,游戏
798,安静,,周杰伦,2026/02/23,,华语,1,BV11nf6BTE4b,
799,可惜没如果,,林俊杰,2026/02/23,,华语,1,BV1w1fzBwEhj,
800,星炬不熄,,鸣潮先约电台/飞行雪绒/星炬学院毕业生,2026/02/25，2026/02/28，2026/03/01，2026/04/20,,华语，日语，英语，韩语,4,BV1bodkB6EMm，BV1WDfaByEfD,游戏
801,Everglow,,Coldplay,2026/02/27,,英语,1,BV1kcAXzVEXm,
802,远航星的告别,,鸣潮先约电台/jixwang/Tarokiki/Emi Evans,2026/03/01，2026/03/01，2026/03/01，2026/03/01，2026/03/01，2026/03/04，2026/03/05，2026/03/05，2026/03/06，2026/03/12，2026/03/21，2026/03/31，2026/04/20，2026/05/02，2026/05/06，2026/05/21，2026/05/26，2026/06/14，2026/07/16,,英语,19,BV1jpVT6mEHP，BV1ea9GBtE8q，BV1n5PMzSEAz,游戏
803,月迷風影,月迷风影,有坂美香,2026/03/04,,日语,1,,
804,我还想她,,林俊杰,2026/03/04,,华语,1,BV17uPizoEkm,
805,未来へ,向着未来,Kiroro,2026/03/04,,日语,1,BV1j3PizxEzc,
806,突然的陀螺,,蔚蓝边际,2025/12/08，2026/01/09，2026/03/04，2026/07/05,,华语,4,BV13z2yBtEb1,游戏
807,不为谁而做的歌,,林俊杰,2025/12/08,,华语,1,BV17UmJBME1o,
808,AS IF IT'S YOUR LAST,像最后一样,BLACKPINK,2026/03/07,,韩语,1,BV1q7NAzKES6,
809,天下,,张杰,2026/03/07，2026/03/29,,华语,2,BV1zLNAzqEVL,
810,多幸运,,韩安旭,2026/03/09,,华语,1,BV1fEP9zCEL8,
811,靛青宇宙,,鸣潮先约电台/飞行雪绒,2026/03/13，2026/03/25，2026/03/28，2026/04/11，2026/04/20，2026/05/26，2026/07/05，2026/07/22,,英语,8,BV1MBVT6qE6B，BV1snXyBwEzu,游戏
812,銀の龍の背に乗って,骑在银龙的背上,中岛美雪,2026/03/13，2026/05/01,,日语,2,BV1SLRLBfEPP,
813,啊！美丽卡洛,,ChiliChill,2026/03/13，2026/03/14，2026/03/28，2026/04/29，2026/05/25，2026/06/03，2026/06/13，2026/07/02，2026/07/10，2026/07/15，2026/07/22，2026/07/27，2026/07/31，2026/08/11,,华语,14,BV1Q47X6jEdD，BV1UzXLBxErn,
814,十年,,陈奕迅,2026/03/14，2026/03/17,,华语,2,,
815,Yesterday Once More,,Carpenters,2026/03/14,,英语,1,,
816,给你呀,for ya,蒋小呢,2026/03/15，2026/03/17,,华语,2,BV12nw7zSEaQ,游戏
817,Believer,,Imagine Dragons,2026/03/15,,英语,1,,
818,句号,,G.E.M. 邓紫棋,2026/03/17,,华语,1,,
819,相思,,毛阿敏,2026/03/17,,华语,1,BV1dXw9zYEn4,
820,若梦,,周深,2026/03/17，2026/06/17,,华语,2,BV1frLR6oEwn,
821,唐·毒蛇,,Bsh-1,2026/03/17，2026/03/29,,华语,2,BV12uwRzQEpw,
822,小小奇迹,,鸣潮先约电台/jixwang/飞行雪绒,2026/03/17，2026/03/17，2026/03/25，2026/03/27，2026/03/29，2026/04/02，2026/04/08，2026/04/16，2026/04/20，2026/05/02，2026/05/06，2026/05/26，2026/06/14，2026/07/18，2026/08/08，2026/08/21,,英语,16,BV1huGC6uEka，BV1vKdvBhE88，BV1nCD7ByEXM，BV1ugQSBnE8x,游戏
823,Deadline Disco,极限迪斯科,鸣潮先约电台/飞行雪绒,2026/03/25，2026/05/26,,英语,2,BV1huGC6uEkt,游戏
824,シリウスの心臓,天狼星的心脏,ヰ世界情緒,2026/03/25，2026/04/14，2026/05/25，2026/05/25，2026/06/25，2026/06/25，2026/06/25，2026/06/26，2026/07/07，2026/08/09，2026/08/25,,日语,11,BV1Hw7j6ZELx，BV1XYX7BMEZn,
825,又三郎,,ヨルシカ (Yorushika),2026/03/28，2026/04/14，2026/05/10，2026/06/12,,日语,4,BV1m6XLBREbN,
826,八方来财,,揽佬SKAI ISYOURGOD,2026/03/29,,华语,1,BV1cJXSBMEAK,
827,勇气大爆发,,贝乐虎儿歌/土豆王国小乐队,2025/12/24，2025/12/25，2026/04/01,,华语,3,BV1B997BUEMa，BV1DjB2BrEiu，BV1FGBRB7EuH,
828,吴哥窟,,吴雨霏,2026/04/01，2026/06/10,,粤语,2,BV18qXfB2Epc,
829,L!!!!ght,,鸣潮先约电台/Meredith Bull,2026/04/01,,英语,1,BV1SqXfB2EWL,游戏
830,假如爱有天意,,李健,2026/04/02,,华语,1,BV13x9KBME9P,
831,Poker Face,扑克脸,Lady Gaga,2026/04/09,,英语,1,BV1aYDWB1E8a,
832,最炫民族风,,凤凰传奇,2026/04/09,,华语,1,BV1UsD4BmEbA,
833,不得不爱,,潘玮柏/弦子,2026/04/09,,华语,1,BV1sXDxB6Ewz,
834,怎么办,,S.H.E,2026/04/09,,华语,1,BV1HjDxBNENK,
835,爱情买卖,,慕容晓晓,2026/04/09，2026/06/20,,华语,2,BV12TQFBuEhn,
836,Bad Romance,,Lady Gaga,2026/04/09,,英语,1,BV14NQFB6EHA,
837,北京欢迎你,,华语群星,2026/04/09,,华语,1,BV14NQFB6E2U,
838,一千零一夜,,刘美麟,2026/04/14,,华语,1,BV1kdQ3BNEUr,
839,Take Me Hand,,DAISHI DANCE/Cécile Corbel,2026/04/14，2026/06/14,,英语,2,BV1mQQVB1EBB,
840,爱人错过,,告五人,2026/04/14,,华语,1,BV1UDQVBjEGt,
841,小小,,容祖儿,2026/04/14,,华语,1,BV1PEQVBuEKU,
842,想去海边,,夏日入侵企画,2026/04/14，2026/04/14，2026/07/22,,华语,3,BV1RWdaBHEsQ,
843,착하다는 말이 제일 싫어,,YENA,2026/04/16，2026/04/29，2026/05/15，2026/05/25,,韩语,4,BV1qJ5i6KEKZ，BV1XsdaBDEAD,
844,星辉抵达之日,,鸣潮先约电台/baitian/waka,2026/04/17，2026/05/25，2026/05/25，2026/05/26，2026/08/02,,英语,5,BV1huGC6uE2a，BV1mKdLBfEPD,游戏
845,Daisy Crown,,鸣潮先约电台/Empty old City,2026/04/19，2026/07/21,,英语,2,BV1nHocBjEU6,游戏
846,最初的梦想,,范玮琪,2026/04/20,,华语,1,BV1UodkBzE3C,
847,勿听,,张紫宁/赵紫骅/游戏科学,2026/04/20,,华语,1,BV1ModkB6EDW,游戏
848,Everywhere we go,,陈冠希/MC仁/厨房仔/应采儿,2026/04/24,,粤语,1,BV1iyoDByEWt,
849,"Komm, süsser Tod",来吧，甜蜜的死亡,ARIANNE,2026/04/24,,英语,1,BV1pSoSBHEJj,动漫
850,突然好想你,,五月天,2026/04/24，2026/05/01,,华语,2,BV169oSBUEmT,
851,连名带姓,,张惠妹,2026/05/01，2026/07/31，2026/08/01，2026/08/08，2026/08/11，2026/08/25,,华语,6,BV1tLRLBZEd6,
852,大香蕉,,龙智祥/吴非华,2026/05/01,,华语,1,BV1aBRuBSEj2,
853,大眠,,王心凌,2026/05/01，2026/08/02,,华语,2,BV1bjRLBFEUZ,
854,Welcome To New York,,Taylor Swift,2026/05/01,,英语,1,BV1SLRLBfE71,
855,ふわふわ時間,轻飘飘时间,放課後ティータイム,2026/05/01,,日语,1,BV1gjRLBFEG4,动漫
856,咖喱咖喱,,牛奶咖啡,2026/05/10,,华语,1,BV1WK5s6jEUw,
857,빌런 ,反派/Villain,Stella Jang,2026/05/15,,韩语,1,BV1k35B6JED4,
858,天ノ弱,天之弱,Akie秋绘,2026/05/25，2026/05/25，2026/05/25，2026/05/26，2026/05/26，2026/06/25，2026/06/26，2026/07/09，2026/07/16，2026/08/23，2026/08/23,,日语,11,BV1huGC6uECZ，BV1DPVw6sEPJ,游戏
859,空心吉他,,张玉华,2026/05/25，2026/05/26，2026/06/15，2026/08/02,,华语,4,BV1sFVN6REQi，BV1SNVw69EEk,
860,世纪末游戏,,艾因Eine/七海Nana7mi/中单光一/星弥Hoshimi/弥希Miki/阿萨Aza/千春Chiharu/小可学妹/阿梓从小就很可爱/勾檀Mayumi/舒三妈Susam/诺莺Nox/桃星Tocci/瑞娅_Rhea/尤格Yog/希侑Kiyuu/雾深Girimi,2026/06/06,,华语,1,BV1KKEJ61EsR,
861,Rendezvous,,瑞娅_Rhea/岁己SUI/栞栞Shiori/米汀Nagisa/花礼Harei/泽音Melody/三理Mit3uri,2026/06/06,,华语,1,BV1KKEJ61EBD,
862,DAY BY DAY,,T-ara,2026/06/10,,韩语,1,BV119Ed6EEBS,
863,七色回响,,艾因Eine/七海Nana7mi/中单光一/弥希Miki/阿萨Aza/雪绘Yukie/阿梓从小就很可爱/小可学妹/诺莺Nox/舒三妈Susam/桃星Tocci/瑞娅_Rhea/尤格Yog/雾深Girimi/莱恩Leo,2026/06/14，2026/06/14,,华语,2,BV1U3Ju6sEsm,
864,天灰,,S.H.E,2026/06/14，2026/07/10，2026/07/15，2026/07/27,,华语,4,BV1U3Ju6sEn7,
865,愿戴荣光坠入天渊,,鸣潮先约电台/jixwang/VISION SOUND,2026/06/14，2026/06/14，2026/08/02,,英语,3,BV1u3Ju6xEAo,游戏
866,耳语,,锦零,2026/06/15,,华语,1,BV1GhJG6uEjo,
867,My Jealousy,,3rd Coast,2026/06/16，2026/06/17，2026/06/25,,英语,3,BV1DzjT62EHE，BV1bHLR6rEFz,
868,明年今日,,陈奕迅,2026/06/18,,粤语,1,BV1r4jw6nEZE,
869,City Hunter 〜愛よ消えないで〜,,小比類巻かほる,2026/06/20，2026/08/23,,日语,2,BV19Gjb6yEgK,动漫
870,关键词,,林俊杰,2026/06/20,,华语,1,BV1XGjb6yEbo,
871,三人游,,方大同,2026/06/20，2026/06/30,,华语,2,BV1QLjb6kEJz,
872,想自由,,林宥嘉,2026/06/25，2026/07/09，2026/07/18，2026/07/31，2026/08/25,,华语,5,BV1qq7h6FEBT,
873,小小虫,,方大同,2026/06/25，2026/08/01，2026/08/11,,华语,3,BV1Z9786bEfa,
874,"눈,코,입",眼，鼻，嘴,TAEYANG,2026/06/29，2026/07/28,,韩语,2,BV1mAKX6kEg8,
875,海屿你,,马也_Crabbit,2026/07/05，2026/07/07，2026/07/17,,华语,3,BV1ZoTC6BELe,
876,辞职信,,ChiliChill,2026/07/07，2026/07/09，2026/07/10，2026/07/15，2026/07/16，2026/07/18，2026/07/25，2026/07/27，2026/08/01，2026/08/08，2026/08/11，2026/08/18，2026/08/23，2026/08/25,,华语,14,BV19x3P6cEPV,
877,定玄,,鸣潮先约电台/黄霄雲/杨秉音,2026/07/17，2026/07/18，2026/07/27，2026/08/02，2026/08/05,,华语,5,BV1Xx3P6cEfK,
878,红日,,李克勤,2026/07/17,,粤语,1,BV1D43w6QE1L,
879,醉后喜欢我,,icyball 冰球乐团,2026/07/26，2026/07/27，2026/07/28，2026/07/31，2026/07/31，2026/08/08,,华语,6,BV1CU3B6VEPC,
880,NIGHT DANCER,,imase,2026/07/27，2026/07/30，2026/08/01，2026/08/03,,日语,4,BV19x3P6cENj,
881,我们没有在一起,,刘若英,2026/07/26,,华语,1,BV1g8gX6fEqx,
882,圈住你,,一口甜,2026/07/27，2026/07/31,,华语,2,BV19x3P6cESt,
883,蝴蝶泉边,,黄雅莉,2026/08/02,,华语,1,BV1Qm3Z61Exc,
884,麦恩莉,,方大同,2026/08/03，2026/08/08，2026/08/09，2026/08/11，2026/08/18，2026/08/25,,华语,6,BV1BTMo6VELH,
885,中国人会飞,,Chalky Wong/揽佬SKAI ISYOURGOD,2026/08/05，2026/08/05,,华语,2,BV1cZMy6DE4V,
886,Enemy,,Imagine Dragons/JID/英雄联盟/双城之战,2025/05/03，2026/08/05,,英语,2,BV1scGdzVEjo,
887,悲伤的五个步骤,,艾薇Ivy,2026/08/11，2026/08/11，2026/08/18，2026/08/25,,华语,4,BV1oBui6sEzT,
888,讨厌,,芮恩,2026/08/11,,华语,1,BV1DQui61EPb,
889,迷宫,,step.jad依加,2026/08/18，2026/08/19，2026/08/23,,华语,3,BV1UL836dEFE,
890,爱你但说不出口,,Karencici,2026/08/18,,华语,1,BV1e1836KEbJ,
891,"写一首歌April 5,1969",,顺子,2026/08/18,,华语,1,BV1xw8G6sEvA,
892,Black Sheep,,Gin Wigmore,2026/08/18,,英语,1,BV1Ps836DEGr,
893,Get Jinxed,,Agnete Kjolsund,2026/08/19,,英语,1,BV1t58n6EEBo,
894,Phoenix,涅槃,英雄联盟/Cailin Russo/Chrissy Costanza,2026/08/19，2026/08/21,,英语,2,BV1zA8B6SEvE,
895,才二十三,,方大同,2026/08/23，2026/08/25,,华语,2,BV1Ko886rE7j,
896,入秋的第一场雨真让人矫情,,ChiliChill,2026/08/23,,华语,1,BV1cs886YEQS,
897,芭蕉夜雨,,ChiliChill,2026/08/23,,华语,1,BV1ns886YEqh,
898,summer vibe,,Walk off the Earth,2026/08/25,,英语,1,,
